User ID, User Name, User Location
0, Deandre Seftick, "San Juan Pueblo,New Mexico"
1, Chanelle Grabinski, "Grantsburg,Illinois"
2, Kip Maciver, "Island Park,Idaho"
3, Verline Degman, "Dellroy,Ohio"
4, Scarlett Galway, "Maricopa,Arizona"
5, Devin Goard, "Colorado Springs,Colorado"
6, Yulanda Palino, "Grouse Creek,Utah"
7, Josphine Helem, "Ogden,Utah"
8, Larry Isabell, "Ojibwa,Wisconsin"
9, Blondell Hungerford, "Camp Nelson,California"
10, Arianne Blackstock, "Crystal Lake,Iowa"
11, Pauletta Westenhaver, "Oklahoma City,Oklahoma"
12, Annalee Mcsharry, "Putney,Georgia"
13, Lou Krawitz, "Jacksonville,Florida"
14, Janell Kowalowski, "Riverdale,Maryland"
15, Kera Somani, "Burlington,Vermont"
16, Sierra Molineaux, "Philadelphia,Pennsylvania"
17, Ela Aggers, "Hinesville,Georgia"
18, Leon Verhoff, "Hereford,Oregon"
19, Estefana Horine, "South Dennis,Massachusetts"
20, Jutta Shopen, "Lindale,Texas"
21, Shaunda Malfatti, "Long Beach,California"
22, Ileana Bynam, "Monroe,Washington"
23, Edythe Zito, "Yakima,Washington"
24, Seth Purkhiser, "Effie,Louisiana"
25, Tami Bayani, "Davant,Louisiana"
26, Joey Klaers, "Arp,Texas"
27, Malcom Maccarter, "Pacific,Missouri"
28, Ira Mattson, "New Lisbon,Wisconsin"
29, Hildegard Catoire, "Sabinal,Texas"
30, Jeffrey Inoue, "Hillsdale,New Jersey"
31, Zina Laiche, "Oil City,Louisiana"
32, Lorean Casparis, "Emmons,Minnesota"
33, Karlene Stormer, "Cincinnati,Ohio"
34, Rhona Corrao, "Minneapolis,Minnesota"
35, Mireya Standing, "Lake City,Michigan"
36, Lazaro Sunier, "Rutland,Vermont"
37, Lula Buddemeyer, "Conetoe,North Carolina"
38, Carlos Steffenhagen, "Bloomingburg,New York"
39, Darcel Ouzts, "Kansas City,Missouri"
40, Alexia Lightcap, "Stamford,Connecticut"
41, Benita Ancalade, "Bakersfield,California"
42, Elinore Skelton, "Augusta,Montana"
43, Kenna Sensenig, "Flatwoods,Louisiana"
44, Ramonita Mannan, "Daytona Beach,Florida"
45, Codi Goodenow, "South Casco,Maine"
46, Roxann Jourdan, "Yonkers,New York"
47, Zina Secora, "Mifflinville,Pennsylvania"
48, Roger Cumberledge, "Turner,Oregon"
49, Temeka Seary, "Cleveland,Ohio"
50, Winona Graves, "Boca Raton,Florida"
51, Tomeka Bybee, "Tuppers Plains,Ohio"
52, Willena Supernaw, "Little Rock,Arkansas"
53, Randall Biegel, "Rouses Point,New York"
54, Zina Pursley, "Mobile,Alabama"
55, Arnita Ciersezwski, "Warwick,Georgia"
56, Jamaal Melugin, "Roosevelt,Washington"
57, Harris Whaley, "Kansas City,Missouri"
58, Zachariah Moretz, "Centerville,Texas"
59, Lisbeth Spille, "Lovell,Maine"
60, Lanell Brumwell, "Ticonderoga,New York"
61, Deb Cavicchia, "Atlanta,Georgia"
62, Meda Fragozo, "Menifee,California"
63, Rashida Cockroft, "Minneapolis,Minnesota"
64, Anton Schoeppner, "Atlanta,Georgia"
65, Clarice Muskett, "Port Trevorton,Pennsylvania"
66, Cuc Gerstenberger, "Omaha,Nebraska"
67, Jacinda Ziemski, "Mc Rae,Arkansas"
68, Sherie Riippi, "Jonesborough,Tennessee"
69, Penny Laduc, "Inver Grove Heights,Minnesota"
70, Desirae Ruz, "Wilkes Barre,Pennsylvania"
71, Winston Heimbigner, "Upper Fairmount,Maryland"
72, Valorie Turrubiates, "Blytheville,Arkansas"
73, Vicenta Matey, "Evergreen,Alabama"
74, Victorina Mccally, "Omaha,Nebraska"
75, Keva Lavigna, "Mullen,Nebraska"
76, Michael Tejera, "Merrill,Wisconsin"
77, Stephaine Drossos, "East Corinth,Vermont"
78, Suzette Wroblewski, "Sioux Falls,South Dakota"
79, Hisako Gallen, "Red Banks,Mississippi"
80, Damon Schoeninger, "Ponce De Leon,Florida"
81, Malena Crites, "Renault,Illinois"
82, Frankie Laferte, "Toyahvale,Texas"
83, Edwina Fauntleroy, "Helena,Montana"
84, Elias Terhark, "Wilder,Idaho"
85, Octavio Anders, "Wyano,Pennsylvania"
86, Rob Blakeley, "Clear Spring,Maryland"
87, Gigi Cruthird, "Miami,Florida"
88, Neil Sick, "Cullman,Alabama"
89, Isis Fernholz, "Little Meadows,Pennsylvania"
90, Jolie Schuman, "Correll,Minnesota"
91, Fransisca Zammetti, "Marshfield Hills,Massachusetts"
92, Keitha Navaro, "Honea Path,South Carolina"
93, Marissa Dlugos, "Woodburn,Indiana"
94, Madelyn Hur, "Gilberton,Pennsylvania"
95, Lorilee Cereghino, "Bayview,Idaho"
96, Ella Baillargeon, "Atmore,Alabama"
97, Christa Leske, "Rock Tavern,New York"
98, Alona Tagliarini, "Springfield,Virginia"
99, Lanny Tashman, "Waynesville,Missouri"
100, Sabina Shry, "Searles,Minnesota"
101, Valarie Segobia, "Philadelphia,Pennsylvania"
102, Jolene Sliffe, "Dallas,Texas"
103, Chase Kunselman, "Plainfield,New Jersey"
104, Yolando Shoulder, "Phoenix,Arizona"
105, Sherrell Manseau, "Grantsboro,North Carolina"
106, Lezlie Gribble, "Dreyfus,Kentucky"
107, Jocelyn Snare, "Stockton,Alabama"
108, Vanessa Eisen, "Ewing,Kentucky"
109, Eddie Schoon, "Elberon,Virginia"
110, Sherise Tuma, "Hayward,California"
111, Britteny Kardos, "Fisher,Arkansas"
112, Eden Longstreth, "Bowdle,South Dakota"
113, Lavenia Frid, "Moline,Kansas"
114, Jimmy Plakke, "Superior,Nebraska"
115, Becky Hoffman, "Rehoboth,New Mexico"
116, Odelia Challenger, "Fairbanks,Alaska"
117, Abdul Paskiewicz, "Buffalo,New York"
118, Angelic Spratt, "Thompson,Utah"
119, Marlena Dydell, "Warners,New York"
120, Aracelis Gaultney, "Wright City,Missouri"
121, Tom Srour, "El Paso,Texas"
122, Alexis Choinski, "Lake Alfred,Florida"
123, Candie Melnyk, "Hartman,Colorado"
124, Carleen Odums, "Greenway,Arkansas"
125, Natacha Enfield, "Smithsburg,Maryland"
126, Cleveland Mccahill, "Los Angeles,California"
127, Kent Heidinger, "Dearborn,Michigan"
128, Liza Marceau, "Cherokee,Oklahoma"
129, Kim Wilson, "Tampa,Florida"
130, William Markakis, "Trotters,North Dakota"
131, Joselyn Hawthorne, "Morristown,Tennessee"
132, Josphine Kempf, "Fort Worth,Texas"
133, Porter Saetteurn, "Tyrone,New York"
134, Lashawn Lifshitz, "New Munster,Wisconsin"
135, Deshawn Halon, "Corning,New York"
136, Lorilee Haigh, "Marana,Arizona"
137, Ellen Parente, "Wrightwood,California"
138, Deloris Mcannally, "Milwaukee,Wisconsin"
139, Joe Candia, "Locust Hill,Virginia"
140, Karey Berna, "Casanova,Virginia"
141, Albina Quillin, "Westland,Michigan"
142, Daina Bettenhausen, "Worthville,Pennsylvania"
143, Ursula Loyal, "Rosedale,Maryland"
144, Collen Freudiger, "Montrose,Colorado"
145, Rhona Beurskens, "Kansas City,Missouri"
146, Nicky Filary, "Steele,Kentucky"
147, Sherika Gosset, "Blanchardville,Wisconsin"
148, Glennie Obi, "Morton,Washington"
149, Taylor Thimmes, "Tehachapi,California"
150, Yessenia Paplow, "Saylorsburg,Pennsylvania"
151, Dotty Malanga, "Alto,Georgia"
152, Glennie Whidby, "Big Island,Virginia"
153, Shaunna Ceasar, "Hawley,Minnesota"
154, Laverne Clutter, "Des Moines,Iowa"
155, Janay Gale, "Cawker City,Kansas"
156, Martina Prieur, "New Florence,Missouri"
157, Tosha Kalsow, "Newark,Delaware"
158, Meggan Rabey, "Kirkwood,New York"
159, Mariella Ploense, "Crawfordsville,Indiana"
160, Charlsie Hesselrode, "New Waterford,Ohio"
161, Billy Sisemore, "Rural Retreat,Virginia"
162, Brittni Hefty, "Madison,Wisconsin"
163, Malena Deremer, "Rock Springs,Wyoming"
164, Shannan Mahung, "Danville,Pennsylvania"
165, Akilah Struckman, "Bieber,California"
166, Leonor Stammer, "Big Spring,Texas"
167, Lanie Prosper, "Sigel,Illinois"
168, Wes Maravilla, "Dassel,Minnesota"
169, Lourie Speck, "Cleveland,Ohio"
170, Mirella Doroski, "Meredith,New Hampshire"
171, Russ Boulos, "Orlando,Florida"
172, Stevie Naidoo, "Amarillo,Texas"
173, Bud Cropley, "Ringsted,Iowa"
174, Marquita Chatriand, "Ames,Nebraska"
175, Shana Jelley, "Kokomo,Indiana"
176, Shalon Zets, "Erick,Oklahoma"
177, Charity Vondran, "Morse Bluff,Nebraska"
178, Lorilee Ahsing, "Garrard,Kentucky"
179, Jamika Rachi, "Pandora,Ohio"
180, Enrique Wolvin, "Athens,Maine"
181, Lynette Halgas, "Erie,Pennsylvania"
182, Chanell Hickox, "Long Beach,California"
183, Cameron Hepper, "San Isidro,Texas"
184, Jenna Redel, "Lapel,Indiana"
185, Zachary Bollman, "Waverly Hall,Georgia"
186, Herminia Boesenhofer, "Eastman,Georgia"
187, Ivonne Giulioli, "Orange City,Florida"
188, Roy Conquest, "Coatesville,Pennsylvania"
189, Nereida Sirman, "Buffalo,Wyoming"
190, Junie Luepke, "Keyes,Oklahoma"
191, Elisabeth Eisentrout, "Chillicothe,Texas"
192, Donnette Emmette, "Cragsmoor,New York"
193, Meri Darwish, "Vashon,Washington"
194, Efrain Pinckard, "Marion Center,Pennsylvania"
195, Mindy Garnier, "Milan,Kansas"
196, Daina Arquelles, "Deerfield,Ohio"
197, Christina Battles, "Valley Park,Mississippi"
198, Robby Caples, "Monticello,South Carolina"
199, Layne Flurry, "Big Spring,Texas"
200, Kimber Demel, "Boston,Massachusetts"
201, Sigrid Hricko, "Sundown,Texas"
202, Yuk Facteau, "Fremont,Iowa"
203, Margit Baddour, "Indianapolis,Indiana"
204, Filiberto Machle, "Independence,Missouri"
205, Kenna Buckelew, "Hill City,South Dakota"
206, Nancie Belnap, "Homestead,Pennsylvania"
207, Hsiu Spika, "Moorhead,Minnesota"
208, Tisa Pettner, "Schenectady,New York"
209, Jamal Stefanski, "West Alton,Missouri"
210, Senaida Honchul, "Ancramdale,New York"
211, Audrie Warchal, "Riverdale,Maryland"
212, Barrie Petway, "Rockport,Maine"
213, So Velega, "Madrid,Iowa"
214, Sharlene Loreg, "Ranger,West Virginia"
215, Blythe Seelbach, "Fall City,Washington"
216, Glynis Falzarano, "Leesport,Pennsylvania"
217, Antonio Malinski, "Honolulu,Hawaii"
218, Jolyn Ohrt, "Charlotte,North Carolina"
219, Yasmin Troester, "Wrenshall,Minnesota"
220, Marivel Spiess, "Mount Royal,New Jersey"
221, Jona Shoulars, "Birchrunville,Pennsylvania"
222, Layla Suther, "Chester,Vermont"
223, Lourdes Ottoson, "Montgomery,Alabama"
224, Tish Moler, "Elwood,Illinois"
225, Jacinta Machan, "North Chicago,Illinois"
226, Emilie Kiesz, "Austin,Kentucky"
227, Dia Grueser, "Ivel,Kentucky"
228, Audrea Staats, "Independence,Missouri"
229, Sharice Baumgarner, "Conroe,Texas"
230, Jonna Loggin, "Pompano Beach,Florida"
231, Tula Lotts, "Crowell,Texas"
232, Fabian Barthe, "Basco,Illinois"
233, Valencia Lambing, "Northampton,Pennsylvania"
234, Kam Rosebush, "Cincinnati,Ohio"
235, Malvina Lokhmator, "Hamilton,Colorado"
236, Lane Bergman, "Groesbeck,Texas"
237, Chas Hof, "Port Charlotte,Florida"
238, Bethany Sasala, "Dallas,Texas"
239, Zona Healan, "Peralta,New Mexico"
240, Suanne Flies, "Prosser,Nebraska"
241, Aleida Biby, "Spencer,New York"
242, Broderick Toldness, "Swanzey,New Hampshire"
243, Mary Zielonka, "Ester,Alaska"
244, Charity Diani, "Bryant,Iowa"
245, Mozell Bicket, "Middletown,Connecticut"
246, Monty Segalla, "Hancock,Minnesota"
247, Blair Bitton, "Lyon,Mississippi"
248, Marlin Bainey, "Keauhou,Hawaii"
249, Earleen Zenbaver, "Speedwell,Virginia"
250, Chantal Unglesbee, "Node,Wyoming"
251, Julieta Ludy, "Braman,Oklahoma"
252, Timika Atanacio, "Etna Green,Indiana"
253, Christie Holquin, "Salem,Massachusetts"
254, Cristin Whary, "Oro Grande,California"
255, Annamaria Kuhnel, "Manitou,Oklahoma"
256, Laverne Besa, "Boise,Idaho"
257, Stephan David, "Wedgefield,South Carolina"
258, Macy Terrasas, "Highland Lake,New York"
259, Clotilde Higa, "Quicksburg,Virginia"
260, Carley Sweets, "Coal City,Indiana"
261, Ranee Gehri, "Ripon,California"
262, Sylvie Schoeffler, "Albany,Georgia"
263, Veta Garon, "Cedar Hill,Missouri"
264, Orville Ossman, "San Luis Obispo,California"
265, Cherilyn Dallesandro, "Victor,West Virginia"
266, Christeen Mattingley, "Deland,Florida"
267, Jeffery Shampine, "Oconomowoc,Wisconsin"
268, Sadye Amarian, "Newton,Massachusetts"
269, Maple Bartelson, "New Hyde Park,New York"
270, Lily Vanvorst, "Oceola,Ohio"
271, Jerilyn Hiemer, "Fairfield,California"
272, Aline Linhardt, "Trion,Georgia"
273, Sana Feldker, "Chamisal,New Mexico"
274, Maura Jendrick, "Nichols,Florida"
275, Julietta Verbilla, "Cashtown,Pennsylvania"
276, Krishna Amodei, "Bristow,Virginia"
277, Molly Mcgreal, "Gardena,California"
278, Maryjo Wieber, "New Orleans,Louisiana"
279, Yan Borello, "Sun River,Montana"
280, Cecila Koening, "Rampart,Alaska"
281, Karine Garrow, "Lyons,New Jersey"
282, Hang Statires, "Honolulu,Hawaii"
283, Ron Gagan, "Silverthorne,Colorado"
284, Olen Eugenio, "Queen City,Missouri"
285, Janee Fertik, "Little River,Texas"
286, Moriah Mitman, "Washington,District of Columbia"
287, Jenise Proffer, "Cincinnati,Ohio"
288, Stasia Vise, "Robbins,North Carolina"
289, Pearl Gancio, "Diamond,Oregon"
290, Jessie Koener, "Waverly,Alabama"
291, Roman Denoble, "Miami,Florida"
292, Charity Scarola, "Covel,West Virginia"
293, Kimberely Bogosh, "Cheshire,Massachusetts"
294, Walker Hourihan, "Carpinteria,California"
295, Mallory Stinebuck, "Nashville,Tennessee"
296, Dario Callicoat, "Little Orleans,Maryland"
297, Lesley Ebilane, "Hartford,Connecticut"
298, Bernadine Dehaney, "Randle,Washington"
299, Rubye Vacarro, ""
300, Isaac Riley, "Atlanta,Georgia"
301, Florencio Dietrick, "West Linn,Oregon"
302, Jeanene Nuzum, "Byers,Texas"
303, Matthew Knudsuig, "Reedsville,Wisconsin"
304, Larue Embery, "Rosemead,California"
305, Elenor Amons, "De Lancey,New York"
306, Corie Lanasa, "Cumming,Georgia"
307, Estelle Naclerio, "Johnson City,Tennessee"
308, Latoria Sadan, "Whitharral,Texas"
309, Karren Oktavec, "Marianna,Florida"
310, China Browne, "Milwaukee,Wisconsin"
311, Mark Merten, "Coeur D Alene,Idaho"
312, Allyson Feddes, "Irving,Texas"
313, Gaynelle Carran, "Tolleson,Arizona"
314, Marshall Schamberger, "Tunnelton,West Virginia"
315, Levi Granthan, "Harrisburg,Pennsylvania"
316, Nan Cunninghan, "Amity,Pennsylvania"
317, Deanna Montemarano, "Manomet,Massachusetts"
318, Shayne Feehly, "Canton,Ohio"
319, Shasta Shawgo, "Tampa,Florida"
320, Marcus Fallenstein, "Polacca,Arizona"
321, Erlinda Wember, "San Francisco,California"
322, Beverly Geary, "Keithville,Louisiana"
323, Rene Bakey, "Oklahoma City,Oklahoma"
324, Tameka Debem, "Bruni,Texas"
325, Selma Newburg, "Portsmouth,Ohio"
326, Nichol Steeves, "Baton Rouge,Louisiana"
327, Grayce Tiberio, "Sainte Genevieve,Missouri"
328, Leola Balboni, "Montreat,North Carolina"
329, Marlyn Chipps, "State Center,Iowa"
330, Tyra Bakemeier, "Burwell,Nebraska"
331, Allena Matava, "Liberal,Kansas"
332, Oma Konopka, "Post Falls,Idaho"
333, Reid Mcdearmon, "Mina,Nevada"
334, Reed Stakelin, "Gouldbusk,Texas"
335, Krystal Mendibles, "Buckingham,Illinois"
336, Zetta Brignoni, "Denver,Colorado"
337, Joelle Visitacion, "Melbourne,Florida"
338, Cythia Nealis, "Rutherford,Tennessee"
339, Josphine Domenech, "Guilford,Missouri"
340, Leo Goller, "Penfield,Pennsylvania"
341, Dorothy Tillberry, "Roanoke,Virginia"
342, Reginia Kolin, "Cost,Texas"
343, Nellie Dunemann, "Beaverdale,Pennsylvania"
344, Della Calvan, "Troy,North Carolina"
345, Donn Bjerk, "Kaysville,Utah"
346, Leif Barbiere, "Three Mile Bay,New York"
347, Samira Piceno, "Sacramento,California"
348, Mozella Lakowski, "Tucson,Arizona"
349, Judy Helley, "Rimersburg,Pennsylvania"
350, Emery Oropeza, "Hickory,North Carolina"
351, Robert Urquijo, "Phoenix,Arizona"
352, Vida Room, "Federalsburg,Maryland"
353, Dustin Hammersley, "Kincaid,West Virginia"
354, Sharon Ballin, "Camp Meeker,California"
355, Fannie Gourdine, "Medford,Oregon"
356, Ella Galapon, "Cumberland,Rhode Island"
357, Jody Dioneff, "Pittsville,Wisconsin"
358, Velia Shigemitsu, "Dyersville,Iowa"
359, Felecia Mckelvey, "Stem,North Carolina"
360, Quiana Schendel, "Casa Blanca,New Mexico"
361, Brande Tajima, "Harbor Beach,Michigan"
362, Buddy Guadalupe, "Avon,Colorado"
363, Afton Dagle, "Henry,Tennessee"
364, Clarissa Zahar, "Ozone,Arkansas"
365, Clotilde Bussard, "Arlington,Virginia"
366, Laquita Edelson, "West Chesterfield,New Hampshire"
367, Romeo Mutton, "South Gibson,Pennsylvania"
368, Kristyn Muscatello, "Loretto,Minnesota"
369, Carmen Getchius, "Naruna,Virginia"
370, Antonetta Tapscott, "Portland,Oregon"
371, Chandra Mootz, "North Richland Hills,Texas"
372, Mose Puna, "Arapahoe,Colorado"
373, Hallie Marante, "Pleasant Mount,Pennsylvania"
374, Aldo Hele, "Portsmouth,Virginia"
375, Lessie Norum, "Elizabethtown,Pennsylvania"
376, Vernon Modest, "Harwood,Texas"
377, Virgil Algarin, "Charlotte,North Carolina"
378, Elmer Lokaphone, "Wilmington,North Carolina"
379, Marc Mcgauley, "San Diego,California"
380, Delpha Cookus, "Damon,Texas"
381, Mayra Niau, "Shepherdstown,West Virginia"
382, Annette Holien, "Poy Sippi,Wisconsin"
383, Geri Heying, "Tyndall,South Dakota"
384, Mike Messinger, "Bellevue,Washington"
385, Ocie Slipper, "Slidell,Louisiana"
386, Delaine Ruden, "Woodman,Wisconsin"
387, Valeria Haxton, "Chesapeake,Virginia"
388, Marge Carwile, "Madera,California"
389, Roxann Cuccaro, "Glen Rose,Texas"
390, Junie Muray, "Croton,Ohio"
391, Georgiana Woytowicz, "Columbia,Kentucky"
392, Kenny Hisey, "Ione,Oregon"
393, Leatha Podesta, "Nisland,South Dakota"
394, Janna Sakata, "Hilger,Montana"
395, Miki Kiesser, "Birmingham,Alabama"
396, Zelda Botha, "Sumrall,Mississippi"
397, Juliann Hufford, "Bandera,Texas"
398, Cole Nola, "Wilder,Vermont"
399, Sanora Ozminkowski, "West Columbia,South Carolina"
400, Esteban Urtado, "Morganfield,Kentucky"
401, Eliseo Ruscitti, "Weston,Pennsylvania"
402, Portia Grenway, "Silverton,Idaho"
403, Libby Holleran, "New Castle,Pennsylvania"
404, Allene Kochheiser, "West Liberty,Kentucky"
405, Jess Mcmillon, "West Bloomfield,Michigan"
406, Josephine Hannen, "Lake Park,Georgia"
407, Fidelia Marrion, "Letter Gap,West Virginia"
408, Robbie Kauffeld, "Washington,District of Columbia"
409, Annett Bliese, "Bruno,Minnesota"
410, Ai Leffel, "Tucson,Arizona"
411, Devin Spratt, "Maggie Valley,North Carolina"
412, Cherelle Bettle, "Derry,Louisiana"
413, Camie Tamiya, "Colusa,California"
414, Blaine Mrowka, "New London,Iowa"
415, Carol Gelder, "Crater Lake,Oregon"
416, Loan Greuel, "Novinger,Missouri"
417, Hallie Kilcrease, "Mountain Pass,California"
418, Mitch Peifer, "Ashwood,Oregon"
419, Xochitl Maland, "Salt Lake City,Utah"
420, Vonnie Landborg, "Detroit,Texas"
421, Andree Colcher, "Fresno,California"
422, Cinthia Kiecker, "Graysville,Ohio"
423, Jonell Cederberg, "Garrison,Missouri"
424, Mel Summars, "Atlanta,Georgia"
425, Abbey Wenke, "Aurora,Nebraska"
426, Mignon Christello, "Pray,Montana"
427, Elva Hupy, "Greenville,South Carolina"
428, Alvera Hollenbach, "East Hartford,Connecticut"
429, Kimberly Welk, "Philadelphia,Pennsylvania"
430, Gaye Salsman, "Bakerton,Kentucky"
431, Eliza Sourlis, "Nacogdoches,Texas"
432, Robin Boudreaux, "Ivoryton,Connecticut"
433, Oralia Mattix, "Moraga,California"
434, Beatris Kinloch, "Foxworth,Mississippi"
435, Jeanie Farfan, "Vintondale,Pennsylvania"
436, Sharyn Hamid, "Joseph,Oregon"
437, Felicia Hasler, "Groveport,Ohio"
438, Christena Leuthauser, "Bismarck,North Dakota"
439, Dorie Mcmahen, "Boggs,West Virginia"
440, Chi Manseau, "Clifton Heights,Pennsylvania"
441, Rolanda Ginsburg, "Warm Springs,Arkansas"
442, Camille Welte, "Woburn,Massachusetts"
443, Pasty Swoboda, "Bozman,Maryland"
444, Melany Pistole, "Lebanon,South Dakota"
445, Kaitlin Teteak, "Raleigh,North Carolina"
446, Hien Ibsen, "Modesto,Illinois"
447, Julian Lieto, "Los Lunas,New Mexico"
448, Mika Lindsley, "Freeport,Pennsylvania"
449, Isaac Gainey, "Melbourne,Florida"
450, Janet Michocki, "West Chesterfield,Massachusetts"
451, Beckie Sprenger, "Ottawa,Kansas"
452, Salvatore Duchane, "Cumberland,North Carolina"
453, Kami Roys, "Greenville,Missouri"
454, Bryon Kos, "Watson,Illinois"
455, Marcell Yampolsky, "Fall Branch,Tennessee"
456, Cherlyn Schwemmer, "Jeffersonville,Indiana"
457, Everett Nwankwo, "Glendale,California"
458, Patrick Cutten, "Omar,West Virginia"
459, Catherina Waldecker, "Bergen,New York"
460, Caprice Ingersol, "Aspen,Colorado"
461, Elise Yunk, "Rosebush,Michigan"
462, Mercedez Higaneda, "Harrisburg,Pennsylvania"
463, Jon Coponen, "Gardner,Massachusetts"
464, Hyacinth Bishoff, "Syracuse,New York"
465, Marian Missildine, "Shreveport,Louisiana"
466, Jana Seefeldt, "Bridgeland,Utah"
467, Jacinta Akers, "Tupelo,Mississippi"
468, Rossana Cosentino, "Blandinsville,Illinois"
469, Shannan Wojtkowski, "Burleson,Texas"
470, Alexander Jimison, "Maybrook,New York"
471, Mandy Poduska, "Tampa,Florida"
472, Laveta Doran, "Millers,Maryland"
473, Marin Rokicki, "Hartman,Arkansas"
474, Edgar Flatness, "North Little Rock,Arkansas"
475, Kristie Burgie, "Lynchburg,Virginia"
476, Lakisha Rummel, "Wapanucka,Oklahoma"
477, Joaquin Strobel, "Sparks,Nevada"
478, Tyler Whichard, "Dallas,Texas"
479, Kendall Kinsland, "Lankin,North Dakota"
480, Milton Gali, "Rock,West Virginia"
481, Joann Jeffreys, "Scarborough,Maine"
482, Emmy Tadiello, "Langhorne,Pennsylvania"
483, Cleta Oakley, "Atlanta,Georgia"
484, Kiersten Basaldua, "Byromville,Georgia"
485, Floria Shahbaz, "Saltsburg,Pennsylvania"
486, Gussie Bartelson, "Salisbury,Connecticut"
487, Lyda Pousson, "Everglades City,Florida"
488, Suellen Wisenor, "Portland,Arkansas"
489, Abbie Forlivio, "Hampton,Virginia"
490, Clarence Mcdugle, "Athol,New York"
491, Eldon Luquette, "Grifton,North Carolina"
492, Wesley Lampkin, "Green Bay,Wisconsin"
493, Laurine Winkeljohn, "Pelzer,South Carolina"
494, Zetta Kolnik, "Coal City,Illinois"
495, Shyla Willington, "Kootenai,Idaho"
496, Blondell Fujita, "Parrott,Virginia"
497, Buffy Wobbe, "Simonton,Texas"
498, Retta Poppert, "Panama City,Florida"
499, Soledad Villella, "Cherokee,Oklahoma"
500, Luisa Birenbaum, "Boswell,Indiana"
501, Viki Tajiri, "Yerington,Nevada"
502, Lala Ziak, "Oakland,Michigan"
503, Florinda Nulty, "Cedar Park,Texas"
504, Billy Nagel, "Zionsville,Pennsylvania"
505, Elton Booras, "Haigler,Nebraska"
506, Danae Lybert, "Hermosa Beach,California"
507, Marco Bellfleur, "Lincoln,Iowa"
508, Issac Kovacic, "Yorktown,Virginia"
509, Evangeline Schack, "Hendricks,Kentucky"
510, Aimee Yielding, "Athens,Ohio"
511, Tish Cooney, "Milford,Indiana"
512, Mayra Querta, "Carefree,Arizona"
513, Simone Troxler, "Temecula,California"
514, Contessa Ledden, "Saint Paul,Minnesota"
515, Shantell Staadt, "Spokane,Washington"
516, Ollie Battani, "Wakefield,Louisiana"
517, Laquita Hersh, "Falls Church,Virginia"
518, Lenny Sorman, "Polk,Nebraska"
519, Sam Lavant, "Fort Plain,New York"
520, Luvenia Blackington, "Dupont,Colorado"
521, Marget Thornquist, "Chadbourn,North Carolina"
522, Madison Geister, "Garner,Kentucky"
523, Norine Biondolillo, "Brush Prairie,Washington"
524, Kasi Quiroga, "Hamilton,Texas"
525, Oliva Braskett, "Jackson,Tennessee"
526, Sean Chapelle, "Nipomo,California"
527, Ward Julye, "Dallas,Texas"
528, Mertie Oldakowski, "Burlington Flats,New York"
529, Kaye Kesling, "Whalan,Minnesota"
530, Barton Fechtig, "Laneville,Texas"
531, Elina Brailsford, "Hebron,Maryland"
532, Neta Wigren, "Bristol,Maine"
533, Annemarie Ginsky, "Triplett,North Carolina"
534, Sara Tone, "Ephraim,Utah"
535, Jarod Hirleman, "Cranston,Rhode Island"
536, Carin Kimbler, "Gladys,Virginia"
537, Shayne Pagaduan, "Tynan,Texas"
538, Stormy Barmore, "Hollytree,Alabama"
539, Emerson Gatza, "Louisville,Kentucky"
540, Alaina Giasson, "Shepherd,Montana"
541, Jeannine Raimer, "New Sharon,Iowa"
542, Kasha Elsworth, "Reasnor,Iowa"
543, Marlyn Dubuisson, "Amlin,Ohio"
544, Kathyrn Clive, "Palestine,Texas"
545, Misha Rudack, "Wilmington,North Carolina"
546, Olevia Weisbrod, "San Diego,California"
547, Gaynelle Vote, "Green Lake,Wisconsin"
548, Kendall Schreurs, "Dallas,Texas"
549, Anh Oberlies, "Blakes,Virginia"
550, Sharan Fusco, "Vanndale,Arkansas"
551, Bruce Ludovico, "Ragley,Louisiana"
552, Eun Panias, "Wichita Falls,Texas"
553, Hobert Mccant, "Midpines,California"
554, Charles Spahr, "Sodus,New York"
555, Albertine Devito, "West Palm Beach,Florida"
556, Belia Vorholt, "Shoreham,New York"
557, Corrinne Machan, "Monticello,New Mexico"
558, Apolonia Conaty, "Van Buren,Indiana"
559, Roselyn Cubr, "Carlisle,Massachusetts"
560, Debroah Barrilleaux, "Kane,Pennsylvania"
561, Elwanda Reller, "Boyers,Pennsylvania"
562, Angelia Wozniak, "Notus,Idaho"
563, Lucy Bechtold, "Mineral Point,Missouri"
564, Jude Notis, "New Harmony,Indiana"
565, Rebecca Vizzini, "Bloomington,Illinois"
566, Cinderella Antista, "East Bloomfield,New York"
567, Dara Kinnier, "Gilbert,South Carolina"
568, Alita Fanner, "Atkinson,North Carolina"
569, Tiesha Ballensky, "Thousand Oaks,California"
570, Miyoko Raffield, "Oklahoma City,Oklahoma"
571, Luana Rastelli, "Cleburne,Texas"
572, Nichol Trentz, "Gassville,Arkansas"
573, Daina Reynero, "Shelburne,Vermont"
574, Gidget Cilano, "Allen Park,Michigan"
575, Marg Yeates, "Rockville Centre,New York"
576, Shannan Igus, "Salt Lake City,Utah"
577, Ruthanne Gurne, "Pedro Bay,Alaska"
578, Gertrude Heatwole, "Avalon,Mississippi"
579, Chan Maye, "Crawfordsville,Indiana"
580, Dorinda Coyle, "Kingston,Ohio"
581, Eneida Penird, "Mount Perry,Ohio"
582, Ernestine Pigna, "Saint Louis,Missouri"
583, Samella Vanheel, "Centerville,Massachusetts"
584, Patricia Boness, "Hazelwood,Missouri"
585, Deedee Vaugh, "New Hampton,New York"
586, Amelia Ninos, "Big Wells,Texas"
587, Carlena Spilker, "Dallas,Texas"
588, Yu Mcphaul, "Stoy,Illinois"
589, Lindsy Prazenica, "Bristol,Indiana"
590, Marcie Holzwart, "Houma,Louisiana"
591, Katia Gorz, "Red Rock,Texas"
592, Josie Plemons, "Side Lake,Minnesota"
593, Julian Ljungquist, "Louisville,Kentucky"
594, Quinn Notice, "Miramar Beach,Florida"
595, Rafael Neighbours, "Sterling,Virginia"
596, Jamila Brining, "Walkerton,Indiana"
597, Usha Schiavone, "Carville,Louisiana"
598, Cherrie Casali, "Hunt,Arkansas"
599, Iraida Arehano, "Providence,Rhode Island"
600, Latashia Calle, "Zalma,Missouri"
601, Shaunda Zahniser, "Quinby,Virginia"
602, Kendra Vil, "Cedar City,Utah"
603, Ola Rataczak, "New Tripoli,Pennsylvania"
604, Misha Sinistore, "Cincinnati,Ohio"
605, Vena Genz, "Strafford,New Hampshire"
606, Mirna Okoren, "Huntington,West Virginia"
607, Cyrstal Lansang, "North Buena Vista,Iowa"
608, Lyle Campo, "Jackson,Mississippi"
609, Stephane Liddicoat, "Tustin,California"
610, Eilene Slyton, "Strabane,Pennsylvania"
611, Tamela Heidebrecht, "West Poland,Maine"
612, Bud Yacano, "Hazel Green,Alabama"
613, Mildred Pastora, "Fort Worth,Texas"
614, Rosalinda Fragozo, "Buckingham,Illinois"
615, Lauryn Motten, "Des Moines,Iowa"
616, Neida Garroutte, "Iuka,Illinois"
617, Mariann Mandoza, "Greer,South Carolina"
618, Cameron Walshe, "Cocoa,Florida"
619, Shayna Sidur, "Mc Call Creek,Mississippi"
620, Dave Kutscher, "Mansfield,Ohio"
621, Genesis Freeman, "Clear Creek,Indiana"
622, Matilde Breiter, "Ogdensburg,New York"
623, Jung Berndsen, "Ernest,Pennsylvania"
624, Arianna Holzem, "Washington,District of Columbia"
625, Ralph Heye, "Bloomfield,New Mexico"
626, Annika Grable, "Courtland,Virginia"
627, Roxanna Tomer, "Guide Rock,Nebraska"
628, Arnoldo Imhof, "Mcnary,Arizona"
629, Martin Rasco, "Sunnyvale,California"
630, Val Kiesling, "Sargent,Georgia"
631, Kandace Malekan, "Phoenix,Arizona"
632, Tandy Quirin, "Sandy Hook,Kentucky"
633, Norbert Gemmen, "Vashon,Washington"
634, Cordell Woodworth, "Fairfield,Texas"
635, Faye Lacount, "Atglen,Pennsylvania"
636, Danyelle Perrett, "Whitney,Pennsylvania"
637, Josefina Hatcherson, "Buffalo,New York"
638, Willis Pfuhl, "Lowell,Massachusetts"
639, Leigh Cleavenger, "Hope Mills,North Carolina"
640, Nathanael Rodrigue, "Greer,South Carolina"
641, Junie Creegan, "Fleming,Colorado"
642, Guadalupe Haylock, "Sacramento,California"
643, Roscoe Demaree, "Richmond,Virginia"
644, Philip Decaire, "Elmira,New York"
645, Lianne Bueno, "Seabrook,New Hampshire"
646, Rosalba Swarn, "Stuart,Virginia"
647, Alina Werle, "Houston,Texas"
648, Elisha Brighton, "Wetmore,Colorado"
649, Jeri Raulerson, "Queenstown,Maryland"
650, Raymond Montoney, "New Haven,Connecticut"
651, Tierra Norse, "Hermleigh,Texas"
652, Tracie Fradkin, "Saint Johnsbury,Vermont"
653, Bonnie Gudgell, "Union City,Indiana"
654, Brenda Asbury, "Marshfield,Wisconsin"
655, Mirella Lando, "Salt Lake City,Utah"
656, Minh Achenbach, "Goshen,Ohio"
657, Cary Brog, "Duluth,Minnesota"
658, Thi Olvera, "Westboro,Wisconsin"
659, Karolyn Arney, "San Rafael,New Mexico"
660, Elsie Carbonell, "Rock Island,Washington"
661, Esta Petruska, "Marrero,Louisiana"
662, Dalene Gustason, "Dearing,Kansas"
663, Danica Biancuzzo, "Modoc,Indiana"
664, Renaldo Truner, "Milton,Illinois"
665, Lenore Brunell, "Hazlet,New Jersey"
666, Cherryl Kukla, "Matherville,Illinois"
667, Tuyet Nesheim, "Audubon,Pennsylvania"
668, Estell Mollere, "South Lake Tahoe,California"
669, Paz Prach, "Huntsville,Texas"
670, Lemuel Morandi, "Jacks Creek,Tennessee"
671, Nancee Bajwa, "Dearborn,Michigan"
672, Tamala Spartin, "Lithia Springs,Georgia"
673, Yen Purswell, "Whites Creek,Tennessee"
674, Shavonne Languirand, "Fairland,Indiana"
675, Sammie Vanderhoff, "Chittenango,New York"
676, Charlott Angilello, "Milton Mills,New Hampshire"
677, Gino Phomphithak, "Fennimore,Wisconsin"
678, Cyrus Baba, "Bowbells,North Dakota"
679, Elsy Scavetta, "San Anselmo,California"
680, Ceola Spurgeon, "Mineral,Washington"
681, Elna Grboyan, "Cleveland,Wisconsin"
682, Eleonora Goolman, "Streetman,Texas"
683, Issac Jone, "Mesa,Arizona"
684, Irvin Samiec, "Shawnee Mission,Kansas"
685, Tammara Whyel, "Hazel Park,Michigan"
686, Tresa Richards, "Bowling Green,Kentucky"
687, Danette Rapanot, "Kansas City,Missouri"
688, Verla Cocking, "Falls,Pennsylvania"
689, Deshawn Minniear, "Kistler,West Virginia"
690, Angelic Kuhre, "Wayland,Missouri"
691, Karie Vian, "Barre,Massachusetts"
692, Crissy Curz, "Vidor,Texas"
693, Clarice Stofflet, "Ocean City,Maryland"
694, Dean Malory, "Yutan,Nebraska"
695, Hilma Stallcup, "Lydia,South Carolina"
696, Felicidad Egnew, "Peshtigo,Wisconsin"
697, Aleida Thoene, "Falmouth,Indiana"
698, Nadine Kelchner, "Port Heiden,Alaska"
699, Carolin Heimerdinger, "Rayle,Georgia"
700, Maximina Stoops, "Honokaa,Hawaii"
701, Zackary Denna, "Emington,Illinois"
702, Kareem Spriggle, "Clay City,Kentucky"
703, Eden Mirabile, "Saginaw,Missouri"
704, Vonda Luskin, "San Francisco,California"
705, Delphine Moomaw, "Kansas City,Missouri"
706, Meghann Goodheart, "Shoshoni,Wyoming"
707, Skye Catherson, "Ridgeway,Missouri"
708, Lise Sovereign, "Monroe,Georgia"
709, Ethelene Alterio, "Glenwood,Georgia"
710, Aurore Aughe, "Seney,Michigan"
711, Andre Champman, "Hartford,Illinois"
712, Rana Magnanti, "Turney,Missouri"
713, Adella Fraile, "Mechanicsburg,Pennsylvania"
714, Lidia Montan, "Beggs,Oklahoma"
715, Barrett Perina, "Grand Rapids,Michigan"
716, Michal Brogdon, "Littleton,Massachusetts"
717, Dinorah Halima, "Dublin,California"
718, Roxana Snorden, "Lawrenceville,Pennsylvania"
719, Sanora Mcchristian, "Bellmont,Illinois"
720, Felix Gerloff, "Marcus,Iowa"
721, Chuck Fenimore, "West Coxsackie,New York"
722, Napoleon Stifter, "Chelsea,Wisconsin"
723, Billy Bowyer, "Fairfax,California"
724, Carlena Szczepkowski, "Franklinville,New York"
725, Ena Przybylski, "Mountain View,California"
726, Rayford Cacciotti, "Becker,Mississippi"
727, Augustine Kovacs, "Corpus Christi,Texas"
728, Crysta Albin, "Tustin,California,"
729, Leia Kakudji, "Phoenix,Arizona"
730, Alida Mcnamara, "Linden,Tennessee"
731, Miriam Boid, "Atkinson,North Carolina"
732, Santos Shemanski, "Richmond,Kansas"
733, Briana Andruzzi, "West Jefferson,North Carolina"
734, Stacey Shill, "Reston,Virginia"
735, Kaylee Deshpande, "Drifting,Pennsylvania"
736, Johnie Chrisco, "Newark,New Jersey"
737, Audrey Bunal, "Lakewood,California"
738, Annabell Rostek, "Arkansas City,Arkansas"
739, Sheba Harlowe, "Mc Bee,South Carolina"
740, Reynalda Olivid, "Earth City,Missouri"
741, Shakira Brintnall, "Hidalgo,Texas"
742, Kena Pack, "Callahan,Florida"
743, Maris Mostiller, "Fairchild,Wisconsin"
744, Basil Kochert, "Stafford,Texas"
745, Cherilyn Dawkin, "Houston,Texas"
746, Boyd Amel, "Nashville,Tennessee"
747, Elisabeth Delpit, "Putney,Vermont"
748, Basilia Kavanagh, "Dixon,Missouri"
749, Bonita Buckel, "Brush Prairie,Washington"
750, Rosia Dicharry, "South Pittsburg,Tennessee"
751, Sima Mayenschein, "Friendsville,Pennsylvania"
752, Miquel Gurrero, "Marion,Texas"
753, Jen Marade, "Medicine Lodge,Kansas"
754, Janyce Milleson, "Stone Mountain,Georgia"
755, Moriah Arif, "Germanton,North Carolina"
756, Bunny Murchison, "Paterson,New Jersey"
757, Tom Lolley, "Eagle,Michigan"
758, Haywood Roubekas, "Philadelphia,Pennsylvania"
759, Candis Pierro, "Forsyth,Georgia"
760, Georgette Mittelstedt, "Carrollton,Texas"
761, James Ollivierre, "Alma,Colorado"
762, India Storm, "Piscataway,New Jersey"
763, Hans Hocke, "Dabolt,Kentucky"
764, Kenny Schur, "Windham,Maine"
765, Thora Dembosky, "Detroit,Michigan"
766, Drew Lynady, "Waco,Missouri"
767, Desiree Metzinger, "Grass Valley,Oregon"
768, Francoise Saicedo, "Summit,Kentucky"
769, Zita Kamada, "Muse,Oklahoma"
770, Sidney Washurn, "Hartley,Texas"
771, Dana Backhaus, "Emporia,Kansas"
772, Barbera Krajnovich, "Lincoln,Virginia"
773, Romana Hoston, "New Orleans,Louisiana"
774, Ronni Teigen, "Rossville,Georgia"
775, Chantay Ahal, "Myra,Kentucky"
776, Nadia Guiga, "New Canton,Illinois"
777, Marquitta Bakula, "Wakefield,Rhode Island"
778, Aletha Neske, "Orla,Texas"
779, Chin Morrisette, "Bradley,Maine"
780, Josphine Viel, "Fayetteville,North Carolina"
781, Marvel Fergurson, "Fish Camp,California"
782, Kiley Dedeaux, "Lowake,Texas"
783, Erich Blush, "Waverly,Tennessee"
784, Jarred Inacio, "Boise,Idaho"
785, Kassandra Hecht, "Anthony,Florida"
786, Jamie Hoyland, "Fort Lauderdale,Florida"
787, Thi Bradicich, "Indian Trail,North Carolina"
788, Risa Bossie, "Oklahoma City,Oklahoma"
789, Shenita Wikoff, "Utica,Mississippi"
790, Roxana Handren, "Marengo,Ohio"
791, Davina Schiltz, "Hamden,New York"
792, Ezra Petaccio, "Raiford,Florida"
793, Ferdinand Blizard, "Calumet,Minnesota"
794, James Worner, "Lees Summit,Missouri"
795, Cortez Lightcap, "Augusta,Montana"
796, James Zutter, "Reydell,Arkansas"
797, Leigha Ossman, "Skellytown,Texas"
798, Elisabeth Huitt, "Gore,Virginia"
799, Elana Hyde, "Albany,Georgia"
800, Adrian Hise, "Ada,Oklahoma"
801, Lynelle Doney, "Los Angeles,California"
802, Britni Sunderman, "Bart,Pennsylvania"
803, Adrienne Hobbins, "Rocky Hill,New Jersey"
804, Natasha Frazee, "Oceano,California"
805, Elsy Molin, "Pitman,New Jersey"
806, Michael Tierno, "Thomaston,Texas"
807, Haydee Jaffray, "Wyoming,Rhode Island"
808, Margarete Clemmer, "Newburg,Wisconsin"
809, Yael Bickelhaupt, "Seguin,Texas"
810, Elouise Rewerts, "Brookton,Maine"
811, Elana Bergesen, "Maplewood,New Jersey"
812, Winter Milovich, "Drennen,West Virginia"
813, Shavonne Maccarter, "Norwalk,Connecticut"
814, Lisha Aadland, "Roanoke,Virginia"
815, Tawna Ingalls, "Saybrook,Illinois"
816, Jacinto Alexopoulos, "East Waterboro,Maine"
817, Keturah Alar, "Akron,Ohio"
818, Paul Mobus, "Sassamansville,Pennsylvania"
819, Dirk Hanshaw, "Caldwell,Kansas"
820, Joan Saether, "German Valley,Illinois"
821, Rosanne Capece, "Martin,Pennsylvania"
822, Mindi Whitecotton, "Kalida,Ohio"
823, Nadene Hackleman, "Sandstone,West Virginia"
824, Andres Otex, "Ames,Nebraska"
825, Guillermina Pesiri, "Salt Lake City,Utah"
826, Leonora Speagle, "Centre,Alabama"
827, Sammie Daso, "Mariposa,California"
828, Nelda Santulli, "Napoleonville,Louisiana"
829, Bernetta Orozco, "Frederick,Maryland"
830, Barton Steidl, "Standish,Maine"
831, Helaine Rivadeneira, "Randall,Kansas"
832, Stan Wigglesworth, "Hot Springs,North Carolina"
833, Shad Leaf, "Hinton,West Virginia"
834, Colin Brome, "Trinchera,Colorado"
835, Normand Dockins, "Lacey,Washington"
836, Donya Hurlbert, "Rosebud,Montana"
837, Emmy Apa, "Houston,Texas"
838, Corie Benejan, "Franklinville,New York"
839, Leonarda Burdeshaw, "University Park,Iowa"
840, Mable Kukowski, "Macfarlan,West Virginia"
841, Agnus Demoss, "Lake Orion,Michigan"
842, Gertha Frandeen, "Ozawkie,Kansas"
843, Antionette Barimah, "Beaver,Kansas"
844, Renay Roney, "Saint Mary Of The Woods,Indiana"
845, Felton Okeeffe, "Fort Sheridan,Illinois"
846, Lamonica Debski, "Vandiver,Alabama"
847, Tiera Winiecki, "Manitou,Oklahoma"
848, Trish Wierenga, "Dawmont,West Virginia"
849, Patrica Patriss, "New York City,New York"
850, Cleopatra Kiah, "Pasadena,California"
851, Cecily Pifer, "Lumpkin,Georgia"
852, Latrisha Arnesen, "Shawnee Mission,Kansas"
853, Pauletta Bierce, "Harrison City,Pennsylvania"
854, Evan Tyrrell, "War,West Virginia"
855, Mellisa Islas, "Harwood,Texas"
856, Lanny Erway, "Dallas,Texas"
857, Agueda Murasso, "Wolftown,Virginia"
858, Enriqueta Cowin, "Kansas City,Missouri"
859, Eva Yurek, "Flint,Michigan"
860, Sheryl Woollen, "Ravalli,Montana"
861, Yesenia Asbridge, "Dover,Delaware"
862, Treva Marcial, "Karnack,Texas"
863, Celestine Rositano, "Idaho Falls,Idaho"
864, Ludivina Valdo, "Lake Benton,Minnesota"
865, Joyce Supplice, "East Carbon,Utah"
866, Freeda Reindl, "South Windham,Maine"
867, Kurtis Nawda, "Currie,Minnesota"
868, Basilia Lorincz, "Halsey,Nebraska"
869, Dylan Stricklan, "Fort Loramie,Ohio"
870, Seema Engelberg, "Hickory,Pennsylvania"
871, Vicki Heitz, "Wilmont,Minnesota"
872, Trinh Wauer, "Taswell,Indiana"
873, Zada Lardieri, "Martel,Ohio"
874, Jolyn Andersen, "Redlands,California"
875, Emmaline Isales, "Sebasco Estates,Maine"
876, Suzan Hanzl, "Buchanan,Michigan"
877, Armanda Nickas, "Sherrard,Illinois"
878, Beatriz Casacchia, "Hamlin,New York"
879, Jenny Buzzanca, "Austin,Texas"
880, Randell Ihrig, "Englewood,Colorado"
881, Kasha Zink, "Whitewater,Wisconsin"
882, Melissia Gregston, "Maskell,Nebraska"
883, Elwanda Woznicki, "Platter,Oklahoma"
884, Sherryl Emerick, "Wapella,Illinois"
885, Johnathan Brobeck, "Mount Laguna,California"
886, Audra Berends, "Charlotte,North Carolina"
887, Terisa Delaney, "Milroy,Indiana"
888, Marcelino Budke, "Fruitland,Iowa"
889, Willie Dinkins, "Bellville,Georgia"
890, Nedra Pfeiff, "Bowling Green,Florida"
891, Elvina Aningalan, "Deep Run,North Carolina"
892, Eleonor Camarata, "Duluth,Minnesota"
893, Hedwig Bensing, "Deadwood,South Dakota"
894, Janeth Schreyer, "Waka,Texas"
895, Margurite Yori, "Hegins,Pennsylvania"
896, Robbin Mias, "Nolanville,Texas"
897, Treena Gaska, "Mandeville,Louisiana"
898, Beverly Rines, "Colrain,Massachusetts"
899, Sherwood Julen, "Rosamond,Illinois"
900, Gonzalo Bancourt, "Walnut,Illinois"
901, Carmelina Saintlouis, "Point Mugu Nawc,California"
902, Forest Vierling, "Hatfield,Indiana"
903, Criselda Knavel, "Indian Springs,Nevada"
904, Juliette Garve, "Gentry,Arkansas"
905, Katharina Hochstetler, "Culver,Minnesota"
906, Melody Fraze, "Gillett,Wisconsin"
907, Susanna Teixeria, "Lignite,North Dakota"
908, Silvana Correale, "Brashear,Texas"
909, Almeta Linn, "Condon,Montana"
910, Jerlene Sarac, "Unity,Maine"
911, Jarod Chet, "Maryknoll,New York"
912, Stacee Garsia, "Lake Worth,Florida"
913, Eugenie Theimer, "Fort Defiance,Virginia"
914, Princess Skokowski, "Bellevue,Washington"
915, Debbie Woolhiser, "Miami,Florida"
916, Elsa Malovich, "Racine,West Virginia"
917, Missy Agpaoa, "Palmdale,Florida"
918, Jaunita Zellous, "Culver City,California"
919, Marhta Wishum, "Roaring Gap,North Carolina"
920, Collene Winkler, "Beulah,Colorado"
921, Russel Tuholski, "Hutchinson,Kansas"
922, Cuc Straney, "Wrightsville,Georgia"
923, Josiah Sespinosa, "Pine Ridge,Kentucky"
924, Daron Forbis, "Cactus,Texas"
925, Lajuana Petrelli, "Orange,California,"
926, Debora Ganas, "Tenstrike,Minnesota"
927, Vinita Harkless, "Trenton,New Jersey"
928, Katherina Malena, "Sunset,Maine"
929, Corrin Zarn, "Rattan,Oklahoma"
930, Christa Nkuku, "Charleston,South Carolina"
931, Dorcas Kafton, "Brooklyn,New York"
932, Vicki Ropac, "Tohatchi,New Mexico"
933, Ressie Stacker, "Barron,Wisconsin"
934, Andrew Houtz, "Badin,North Carolina"
935, Sabra Iborra, "Lebanon,Connecticut"
936, Vena Lech, "New York City,New York"
937, Steffanie Bartkiewicz, "Columbia,South Carolina"
938, Deandra Errera, "Staten Island,New York"
939, Leo Eicher, "Windsor,Colorado"
940, Taylor Melgarejo, "Menlo,Washington"
941, Pricilla Maltba, "Glad Valley,South Dakota"
942, Jane Frisch, "Lowesville,Virginia"
943, Wendolyn Genera, "Harrisburg,Pennsylvania"
944, Ingrid Fuls, "Tokeland,Washington"
945, Suzanna Schenk, "Funk,Nebraska"
946, Jarrett Maletta, "Syracuse,New York"
947, Chantell Petrich, "Menfro,Missouri"
948, Mikel Griner, "Vaughan,North Carolina"
949, Chun Monica, "Hazel Green,Wisconsin"
950, Nguyet Carilli, "Gruver,Iowa"
951, Nakisha Lemaitre, "East Walpole,Massachusetts"
952, Tanya Rasley, "Winnsboro,Louisiana"
953, Stephani Stittsworth, "Colorado Springs,Colorado"
954, Oliva Kahre, "Frenchtown,New Jersey"
955, Sherita Arlan, "Cedar Rapids,Iowa"
956, Arthur Stroede, "Minneapolis,Minnesota"
957, Brunilda Wilbers, "Readyville,Tennessee"
958, Cori Isiordia, "Oakdale,Illinois"
959, Danika Vancleaf, "Amsden,Ohio"
960, Francisco Dauge, "Kirby,Ohio"
961, Ronald Halward, "Westminster,Vermont"
962, Marianna Eckhard, "New York City,New York"
963, Kristina Gutkin, "Sycamore,Pennsylvania"
964, Dalia Waymer, "York New Salem,Pennsylvania"
965, Goldie Kowal, "Chapman,Nebraska"
966, Karl Yannuzzi, "Milton,Iowa"
967, Kecia Gundersen, "Milwaukee,Wisconsin"
968, German Linsay, "Coal Run,Ohio"
969, Norman Legrone, "Piedmont,Oklahoma"
970, Marleen Pickell, "Saint Thomas,Pennsylvania"
971, Randy Gauthreaux, "Ashby,Minnesota"
972, Geraldo Hulstrand, "Mc Intosh,Florida"
973, Magda Choulnard, "Tacoma,Washington"
974, Asley Kunkel, "Roanoke,Virginia"
975, Tisa Zinsmeister, "Amissville,Virginia"
976, Harriet Kaigle, "East Orland,Maine"
977, Lula Patridge, "Melbourne,Arkansas"
978, Anthony Jarzembowski, "Kenosha,Wisconsin"
979, Keila Wisnowski, "Newburgh,Indiana"
980, Nicky Nacion, "Atlanta,Georgia"
981, Ressie Irle, "Hubbell,Michigan"
982, Michal Godek, "Fallbrook,California"
983, Sharon Zanchi, "Glasston,North Dakota"
984, Pattie Dimery, "Garden Prairie,Illinois"
985, Regine Jersey, "Oak,Nebraska"
986, Corina Echols, "Kenton,Kentucky"
987, Lucius Friehauf, "Valders,Wisconsin"
988, Lourie Demry, "Arkoma,Oklahoma"
989, Margot Daniello, "San Jose,California"
990, Dawna Marina, "Renton,Washington"
991, Donnette Grade, "Scooba,Mississippi"
992, Virgilio Verducci, "Naples,Florida"
993, Dagny Pelaez, "Athens,Georgia"
994, Virgil Castagnier, "Farmland,Indiana"
995, Della Navarro, "Closter,New Jersey"
996, Yung Becerril, "Dallas,Wisconsin"
997, Chi Roessner, "Pemberton,Minnesota"
998, Luisa Reppell, "Washington,District of Columbia"
999, Sherita Antonello, "Ligonier,Pennsylvania"
1000, Aleshia Candela, "Barnstead,New Hampshire"
1001, Adolfo Heiliger, "Templeton,Iowa"
1002, Patria Doud, "Bigfork,Montana"
1003, Reanna Coltharp, "Saginaw,Michigan"
1004, Dan Conzemius, "Preston,Minnesota"
1005, Latasha Mashiah, "Stockton,California"
1006, Darryl Zamborano, "Edgewood,Iowa"
1007, Hong Morrison, "New Orleans,Louisiana"
1008, Lesia Egleston, "Corona Del Mar,California"
1009, Gia Wojick, "Cartwright,North Dakota"
1010, Juliane Newhart, "Olin,Iowa"
1011, Phillip Kellan, "Bergenfield,New Jersey"
1012, Marylou Burtin, "Alden,Kansas"
1013, Bert Mcmulen, "Fruithurst,Alabama"
1014, Nilsa Seifarth, "Finley,North Dakota"
1015, Reid Rios, "Ridgeview,West Virginia"
1016, Claud Morera, "Storm Lake,Iowa"
1017, Dionna Groff, "Damascus,Georgia"
1018, Angla Bernt, "Canton,Ohio"
1019, Linwood Makepeace, "Vega,Texas"
1020, Remedios Kotek, "Fort Lauderdale,Florida"
1021, Ronald Briscoe, "Start,Louisiana"
1022, Suellen Zwicker, "Flat Rock,North Carolina"
1023, Isabel Kotte, "Nyack,New York"
1024, Tempie Howett, "Grays Knob,Kentucky"
1025, Alex Amedee, "Pe Ell,Washington"
1026, Oneida Seese, "Burt,Michigan"
1027, Bernita Duma, "New York City,New York"
1028, Gwyn Wilson, "Cowiche,Washington"
1029, Sammy Truluck, "Lexington,Illinois"
1030, Marivel Cantone, "Walsenburg,Colorado"
1031, Nieves Giarratano, "Round Rock,Arizona"
1032, Joana Melbert, "Ashville,Alabama"
1033, Refugio Loeffler, "Princeton,New Jersey"
1034, Karole Kehs, "Tacoma,Washington"
1035, Lakia Courtemanche, "Hinton,Virginia"
1036, Sherita Burlett, "Barwick,Georgia"
1037, Ezekiel Eagy, "Ridgely,Tennessee"
1038, Janel Horris, "New York City,New York"
1039, Thurman Pasierb, "Lewis,Colorado"
1040, Tami Rivenburg, "Fairbanks,Alaska"
1041, Catharine Kornhauser, "Woolstock,Iowa"
1042, Terrence Gail, "Lincoln,Nebraska"
1043, Marcell Kemmerling, "Davenport,Washington"
1044, Raymond Robenson, "Hardyville,Kentucky"
1045, Alva Botdorf, "Richardton,North Dakota"
1046, Lexie Faul, "Juneau,Wisconsin"
1047, Dan Amalong, "Coalton,Ohio"
1048, Lakendra Salazer, "Morganville,Kansas"
1049, Tammie Lapar, "Saipan ,"
1050, Meridith Keep, "Howe,Indiana"
1051, Shelley Horns, "Canoga Park,California"
1052, Debbi Calcagni, "Norton,West Virginia"
1053, Ashlea Karth, "Washington,District of Columbia"
1054, Jen Boruvka, "Lodgepole,Nebraska"
1055, Lesia Pessin, "Desert Center,California"
1056, Laurel Ludolph, "Monument,Kansas"
1057, Birgit Lomu, "Trenton,New Jersey"
1058, Annalisa Sobeck, "Drexel,North Carolina"
1059, Elise Titmus, "Benicia,California"
1060, Jodi Hollobaugh, "Pensacola,Florida"
1061, Therese Machkovich, "Karlsruhe,North Dakota"
1062, Raven Drumbore, "El Paso,Texas"
1063, Loyd Freedle, "Port Edwards,Wisconsin"
1064, Kenyatta Alegi, "Collinsville,Connecticut"
1065, Wyatt Vangalder, "Houston,Texas"
1066, Ulrike Stanert, "Weston,Ohio"
1067, Clair Schinke, "Sycamore Valley,Ohio"
1068, Russell Kua, "New Ross,Indiana"
1069, Angie Welp, "Newport News,Virginia"
1070, Wanita Matheus, "Spring Hope,North Carolina"
1071, Isreal Haro, "Federal Way,Washington"
1072, Dedra Pauza, "Almena,Wisconsin"
1073, Renae Bansal, "Jackson,North Carolina"
1074, Enrique Huitt, "Lemont Furnace,Pennsylvania"
1075, Margarite Bollens, "San Antonio,Texas"
1076, Dannielle Leonardis, "Boise,Idaho"
1077, Tosha Lavalle, "Monitor,Washington"
1078, Coralee Rovelto, "Mission,Texas"
1079, Aleta Mikelsen, "Wildsville,Louisiana"
1080, Allison Pond, "Jacksontown,Ohio"
1081, Vickie Kuffa, "Orange Park,Florida"
1082, Nicky Biersner, "Lake Providence,Louisiana"
1083, Piper Mayberry, "Rockford,Illinois"
1084, Barrett Maker, "Ossining,New York"
1085, Chong Ely, "Denver,Colorado"
1086, Skye Nikkel, "Tallahassee,Florida"
1087, Jamar Volpi, "Ventura,California"
1088, Ema Kalin, "Harlowton,Montana"
1089, Bulah Cordel, "Danbury,Iowa"
1090, Hester Gachupin, "Manokin,Maryland"
1091, Concepcion Ramer, "Van,West Virginia"
1092, Cherry Kallus, "New Lisbon,Wisconsin"
1093, Hortencia Meyerson, "Benavides,Texas"
1094, Josefine Ellis, "Washington,District of Columbia"
1095, Vernon Brus, "Edgar,Wisconsin"
1096, Karoline Ahlstrom, "Orlinda,Tennessee"
1097, Ernie Brimmage, "Concord,Kentucky"
1098, Cristobal Nemec, "Madisonburg,Pennsylvania"
1099, Gayle Aavang, "Albertville,Alabama"
1100, Jene Halko, "Baltimore,Maryland"
1101, Clint Hinh, "Montpelier,Virginia"
1102, Stephnie Pipes, "New York City,New York"
1103, Chet Cinque, "Rio Vista,California"
1104, Hertha Bew, "Newark,New Jersey"
1105, Jazmin Gunder, "Gladewater,Texas"
1106, Kaye Waclawski, "Kenmore,Washington"
1107, Barbara Easterling, "Wolford,Virginia"
1108, Shea Oguendo, "Fountainville,Pennsylvania"
1109, Wyatt Bucks, "Washington,District of Columbia"
1110, Wendolyn Yun, "Sharpsville,Pennsylvania"
1111, Bulah Hedinger, "South Montrose,Pennsylvania"
1112, Evangeline Wiedmann, "Tacoma,Washington"
1113, Elenor Boynton, "Lake Geneva,Wisconsin"
1114, Elenora Kositzke, "Oolitic,Indiana"
1115, Gillian Hainesworth, "Tampa,Florida"
1116, Lynwood Reckart, "Mather,Wisconsin"
1117, Dominique Barret, "Rowley,Iowa"
1118, Charlene Teranishi, "Arlington,Texas"
1119, Dakota Younie, "Thornton,West Virginia"
1120, Cristopher Alcaraz, "Palisades,Washington"
1121, Tomoko Molinelli, "Hubert,North Carolina"
1122, Misha Isaacson, "Lafayette,Louisiana"
1123, Dusti Dalo, "Seminole,Florida"
1124, Tora Dail, "Fancher,New York"
1125, Vernon Kastman, "Lansford,North Dakota"
1126, Devin Hirko, "Mongaup Valley,New York"
1127, Cinderella Bierley, "Turkey Creek,Kentucky"
1128, Jeanne Guenette, "Harrisburg,Pennsylvania"
1129, Valentina Mcglawn, "El Paso,Texas"
1130, Dorian Hotchkiss, "Levittown,Pennsylvania"
1131, Latashia Taran, "Frenchmans Bayou,Arkansas"
1132, Suzie Chason, "New Almelo,Kansas"
1133, Chauncey Mceneny, "Turbeville,Virginia"
1134, Shawn Tosches, "Lazbuddie,Texas"
1135, Janel Mongrain, "Keyapaha,South Dakota"
1136, Pamelia Aarons, "Fullerton,California"
1137, Elease Sokolski, "Hyrum,Utah"
1138, Charmaine Blackham, "Richville,Minnesota"
1139, Renae Jauron, "Crouse,North Carolina"
1140, Rick Monn, "South Heights,Pennsylvania"
1141, Lizzie Shilt, "Taylorsville,North Carolina"
1142, Sharri Ellies, "Salem,Alabama"
1143, Joane Southward, "Newport,Minnesota"
1144, Gabriella Chinick, "Buttzville,New Jersey"
1145, Marcelino Gladwell, "Pownal,Maine"
1146, Kristan Rhinerson, "Washington,District of Columbia"
1147, Janise Yeoman, "Tappen,North Dakota"
1148, Khadijah Abrell, "Immokalee,Florida"
1149, Dena Walking, "Nashville,Tennessee"
1150, Lavonna Hillesheim, "Boise,Idaho"
1151, Coletta Toler, "Anthon,Iowa"
1152, Sammie Bilbro, "Ogunquit,Maine"
1153, Luna Kollmeyer, "Turner,Oregon"
1154, Garland Kloster, "Ontario,New York"
1155, Alejandrina Ferries, "Emeryville,California"
1156, Debby Bargo, "Red Rock,Oklahoma"
1157, Rusty Passi, "Virginia Beach,Virginia"
1158, Alden Bawden, "Erin,New York"
1159, Marcella Renken, "Esparto,California"
1160, Sabra Pasqualetti, "Oxford,North Carolina"
1161, Lavonda Caridine, "Oglesby,Texas"
1162, Ahmad Bajko, "Wingett Run,Ohio"
1163, Shaunte Mirabito, "Selma,Alabama"
1164, Dalia Wakeling, "Blackburn,Missouri"
1165, Adele Gerfin, "Corolla,North Carolina"
1166, Claude Frances, "Days Creek,Oregon"
1167, Tyrell Kletschka, "Orlando,Florida"
1168, Diego Quine, "Arkansas City,Arkansas"
1169, Leonarda Colchado, "Randolph,Wisconsin"
1170, Romana Facey, "Tecumseh,Oklahoma"
1171, Justin Finstad, "Okanogan,Washington"
1172, Robert Banzhaf, "Houston,Texas"
1173, Franklin Dobrynski, "Owls Head,Maine"
1174, Shanell Tarpy, "Jenners,Pennsylvania"
1175, Lilla Digrazia, "Waterford,Virginia"
1176, Lawana Nyhus, "Chicago,Illinois"
1177, Shu Engle, "Dallardsville,Texas"
1178, Dara Trudillo, "South Egremont,Massachusetts"
1179, Lana Cahela, "Percy,Illinois"
1180, Vinita Stueckrath, "Castanea,Pennsylvania"
1181, Helene Gowin, "Rock Falls,Wisconsin"
1182, Cary Finazzo, "Skidmore,Texas"
1183, Lashon Buening, "Midlothian,Virginia"
1184, Greg Minkin, "Detroit,Michigan"
1185, Consuelo Pickette, "East Brookfield,Massachusetts"
1186, Delinda Finnerty, "Wilson,North Carolina"
1187, Corrina Rickner, "Pacific Palisades,California"
1188, Bobby Fiacco, "Fairview,Oklahoma"
1189, Britta Clowser, "Springfield,Missouri"
1190, Jess Pastore, "Tempe,Arizona"
1191, Winona Calibuso, "Good Thunder,Minnesota"
1192, Marisol Wanke, "Magnolia,Minnesota"
1193, Ali Rissman, "Haynes,Arkansas"
1194, Aldo Eschete, "Birmingham,Alabama"
1195, Ping Quakenbush, "Denmark,Iowa"
1196, Ronny Gilomen, "Loma Linda,California"
1197, Bennie Bacolor, "Lake Charles,Louisiana"
1198, Setsuko Derbyshire, "Richmond,Virginia"
1199, Kiana Tappen, "Vernon Hills,Illinois"
1200, Kasie Craven, "Hamden,Connecticut"
1201, Kari Hollopeter, "Laurier,Washington"
1202, Lauran Alme, "Longisland,North Carolina"
1203, Jean Reynaldo, "Como,Mississippi"
1204, Moses Sprow, "Fort Collins,Colorado"
1205, Synthia Session, "Crater Lake,Oregon"
1206, Willodean Texter, "Fort Worth,Texas"
1207, Sybil Ratner, "Baton Rouge,Louisiana"
1208, Reginald Gattison, "Derby Line,Vermont"
1209, Corene Schurg, "San Clemente,California,"
1210, Alethea Eismont, "Gage,Oklahoma"
1211, Kacie Morter, "Washington,District of Columbia"
1212, Dalila Erne, "Clearmont,Missouri"
1213, Benedict Asebedo, "Williamsport,Pennsylvania"
1214, Val Wyles, "Kent,Washington"
1215, Maximina Arias, "Washington,District of Columbia"
1216, Ellie Burmside, "Alexander,Arkansas"
1217, Astrid Go, "Huntington Beach,California,"
1218, Carlie Veltkamp, "Kimball,Nebraska"
1219, Verline Whitting, "Oliver,Georgia"
1220, Karoline Mcclane, "Potter Valley,California"
1221, Albina Adriano, "Arlington,Texas"
1222, Jo Corkill, "Potsdam,New York"
1223, Elisabeth Hughen, "New York City,New York"
1224, Mazie Miano, "Westfield,Massachusetts"
1225, Lynda Tijing, "Creston,North Carolina"
1226, Beth Mizell, "Salt Lake City,Utah"
1227, Candi Landrus, "Mesa Verde National Park,Colorado"
1228, Glennie Placencia, "Reedsburg,Wisconsin"
1229, Erica Tier, "Mills,Kentucky"
1230, Efren Laswell, "Fullerton,Nebraska"
1231, Denise Seide, "Joshua,Texas"
1232, Natalya Hornoff, "Youngsville,New Mexico"
1233, Kevin Fyfe, "Charlotte,North Carolina"
1234, Caterina Manzur, "Hendricks,West Virginia"
1235, Gertrude Yandle, "Bastrop,Texas"
1236, Caitlyn Abt, "Bloomington,Illinois"
1237, Shavonda Sedore, "Sparks,Nevada"
1238, Fairy Vandernoot, "Frazee,Minnesota"
1239, Liberty Kushiner, "Apache Junction,Arizona,"
1240, Chara Massei, "Brant Rock,Massachusetts"
1241, Tamara Bernardini, "Hoisington,Kansas"
1242, Ma Marasco, "Cantonment,Florida"
1243, Mitzi Rishe, "Lidderdale,Iowa"
1244, Edith Pikula, "Richmond,Virginia"
1245, Connie Voyer, "Grand Junction,Colorado"
1246, Ghislaine Lowther, "Monticello,Minnesota"
1247, Henrietta Murelli, "Dodge Center,Minnesota"
1248, Sunni Grumbling, "Corral,Idaho"
1249, Brigitte Bame, "Toughkenamon,Pennsylvania"
1250, Shella Guynn, "Leslie,Michigan"
1251, Alice Hollinghurst, "Spur,Texas"
1252, Mellie Torrence, "Stirling,New Jersey"
1253, Sau Gamer, "Tsaile,Arizona"
1254, Lan Lewandowski, "Marietta,North Carolina"
1255, Ethel Reznicek, "Clover,Virginia"
1256, Jovan Gade, "Woodinville,Washington"
1257, Tomoko Moretto, "Russia,Ohio"
1258, Elias Asley, "Manitou,Oklahoma"
1259, Kathryne Foutz, "Hamilton,Georgia"
1260, Dario Rindfleisch, "Salem,Oregon"
1261, Candelaria Rabbitt, "Oak Creek,Colorado"
1262, Raguel Hoshall, "Newtown,Pennsylvania"
1263, Fred Jang, "Lenoir City,Tennessee"
1264, Santo Ley, "Topanga,California"
1265, Jacques Stahler, "Plainfield,Georgia"
1266, Tyron Degele, "Cedar Glen,California"
1267, Theo Buzo, "Lyndon,Illinois"
1268, Starr Rencher, "Tuscaloosa,Alabama"
1269, Alica Rotty, "Bryant,Arkansas"
1270, Raeann Gorrindo, "Warba,Minnesota"
1271, So Clonts, "Normangee,Texas"
1272, Francis Sledd, "Lowell,Massachusetts"
1273, Dani Winarski, "Nobleton,Florida"
1274, Marguerite Mensinger, "Nilwood,Illinois"
1275, Jenette Premo, "Vestaburg,Pennsylvania"
1276, Torie Stiger, "San Antonio,Texas"
1277, Fernando Batun, "Greenville,West Virginia"
1278, Shana Sneller, "Brookville,Indiana"
1279, Krystyna Calvillo, "Santa Clara,New Mexico"
1280, Harold Nauarro, "Hanska,Minnesota"
1281, Hellen Mcdougald, "Makoti,North Dakota"
1282, Devon Rew, "Lisbon,New York"
1283, Joselyn Saia, "Fort Worth,Texas"
1284, Sheree Font, "Casey Creek,Kentucky"
1285, Chu Chumbley, "Boelus,Nebraska"
1286, Eden Walterson, "Garryowen,Montana"
1287, Keturah Vizena, "Hampshire,Illinois"
1288, Katrice Leppanen, "Amherst,Massachusetts"
1289, Willow Lyas, "Irvington,Kentucky"
1290, Vannesa Samperi, "Rochester,New York"
1291, Demetrice Steinauer, "Peoria,Illinois"
1292, Eladia Ryden, "Torrance,California"
1293, Maira Pinsonneault, "Oklahoma City,Oklahoma"
1294, Belle Westphalen, "Clarkfield,Minnesota"
1295, Hye Canela, "Monticello,Florida"
1296, Marshall Resek, "Grover,North Carolina"
1297, Maxie Unser, "Steinauer,Nebraska"
1298, Mechelle Jemerson, "Shawnee Mission,Kansas"
1299, Colby Ptomey, "Bena,Virginia"
1300, Gertude Pavan, "Alpine,California"
1301, Vashti Whitelaw, "Easton,Kansas"
1302, Lashunda Voorhies, "Isle Of Springs,Maine"
1303, Deloise Sterger, "Sacramento,California"
1304, David Roadcap, "Stopover,Kentucky"
1305, Vilma Condello, "Offerle,Kansas"
1306, Angelique Muhammed, "Washington,District of Columbia"
1307, Merrill Orlin, "Fort George G Meade,Maryland"
1308, Ilse Hirsch, "Knox City,Texas"
1309, Raleigh Purzycki, "Great Falls,Montana"
1310, Colleen Knoop, "West Point,Mississippi"
1311, Melvin Wedin, "Hartsfield,Georgia"
1312, Sylvie Alawdi, "Levels,West Virginia"
1313, Asuncion Bostrom, "Wyandanch,New York"
1314, Tanika Intrabartolo, "Montpelier,Vermont"
1315, Lacie Karamchandani, "Marlborough,New Hampshire"
1316, Venessa Carrero, "Cincinnati,Ohio"
1317, Janyce Lieu, "Dows,Iowa"
1318, Sally Laforest, "Seminole,Florida"
1319, Dina Venable, "Jasper,Missouri"
1320, Shila Aharon, "Avilla,Indiana"
1321, Taylor Gritz, "Los Angeles,California"
1322, Aileen Voice, "Fogelsville,Pennsylvania"
1323, Alise Jurek, "Wyola,Montana"
1324, Aleshia Skarphol, "Atlanta,Nebraska"
1325, Mac Luing, "Craig,Missouri"
1326, Benita Perlmutter, "South Acworth,New Hampshire"
1327, Randy Layo, "Tacoma,Washington"
1328, Tama Eggert, "Oakboro,North Carolina"
1329, Vernell Boosalis, "Big Pine,California"
1330, Cruz Lafoy, "Colorado Springs,Colorado"
1331, Garth Mascola, "Eden,North Carolina"
1332, Carola Nuvallie, "Toxey,Alabama"
1333, Jina Hersom, "Lancaster,California"
1334, Ocie Haumesser, "Hartford,Connecticut"
1335, Alysia Flenniken, "Cawood,Kentucky"
1336, Alease Koslosky, "Williamson,West Virginia"
1337, Monnie Sidles, "Winterville,Maine"
1338, Paul Perri, "Princeville,Illinois"
1339, Deon Broersma, "Needles,California"
1340, Jeremy Berkhimer, "Albion,Pennsylvania"
1341, Enda Feagans, "Port Chester,New York"
1342, Omar Zuelke, "Falls Of Rough,Kentucky"
1343, Rashida Maruska, "Middleburg,Kentucky"
1344, Maranda Brauchla, "Old Appleton,Missouri"
1345, Karleen Redlinger, "Alma,Michigan"
1346, Marcia Sonnefeld, "Howell,New Jersey"
1347, Daryl Kincade, "Everson,Pennsylvania"
1348, Jonell Dhar, "Southworth,Washington"
1349, Maurine Przedwiecki, "Winston Salem,North Carolina"
1350, Robert Leake, "Wanamingo,Minnesota"
1351, Cierra Maisenbacher, "Sanford,Texas"
1352, Warren Blacker, "Green Bay,Wisconsin"
1353, Stewart Paustian, "Hillsdale,New Jersey"
1354, Omar Huett, "West Shokan,New York"
1355, Jefferson Zwinger, "Tell City,Indiana"
1356, Ronnie Lynam, "Manchester,Tennessee"
1357, Keiko Schaefer, "Panora,Iowa"
1358, Ezra Teator, "Southbridge,Massachusetts"
1359, Valerie Turnham, "Port Charlotte,Florida"
1360, Malcom Kamphoefner, "Edroy,Texas"
1361, Michelle Hauslein, "San Antonio,Texas"
1362, Collen Teats, "Frost,Minnesota"
1363, Anette Lee, "Mc Kinney,Texas"
1364, Sharilyn Sillitoe, "Avon,Illinois"
1365, Armida Willms, "Wayside,Texas"
1366, Branda Vogler, "Novice,Texas"
1367, Vicente Vanboven, "Accident,Maryland"
1368, Sam Mcgrant, "Fisher,Louisiana"
1369, Silas Hett, "Rockfield,Indiana"
1370, Andrew Mavity, "Grand Coteau,Louisiana"
1371, Sanda Callis, "Riverton,Connecticut"
1372, Nereida Servantes, "New Brunswick,New Jersey"
1373, Vennie Stodden, "Reserve,Montana"
1374, Dimple Bobb, "Los Angeles,California"
1375, Katy Tresler, "Winthrop,Washington"
1376, Miguelina Carey, "Marshall,North Carolina"
1377, Billie Frid, "Philadelphia,Pennsylvania"
1378, Twana Hinchliff, "Vero Beach,Florida"
1379, Alysa Swenceski, "Richmond,Kansas"
1380, Torri Brandl, "Oostburg,Wisconsin"
1381, Raphael Ridner, "Pittsburgh,Pennsylvania"
1382, Francisco Fieselman, "Colorado Springs,Colorado"
1383, Myrle Serrato, "Marion,Massachusetts"
1384, Kerstin Colomy, "Linn,West Virginia"
1385, Lue Brinley, "Reno,Nevada"
1386, Shyla Sisco, "Wake Forest,North Carolina"
1387, Serita Scharte, "Portland,Oregon"
1388, Mercedez Armijo, "Surprise,Arizona"
1389, Lorean Haymans, "Spicewood,Texas"
1390, Madonna Gennaro, "Cleveland,New York"
1391, Desire Macwilliams, "Janesville,Minnesota"
1392, Lynn Saluto, "Holland,Kentucky"
1393, Tawny Dernier, "Greenland,New Hampshire"
1394, Bella Ryhal, "Rocksprings,Texas"
1395, Elina Scurry, "Fort Stewart,Georgia"
1396, Vella Mohrlock, "Eastsound,Washington"
1397, Caryl Plocek, "Barnum,Iowa"
1398, Steven Cocanougher, "West Monroe,Louisiana"
1399, Lavada Jacocks, "Vienna,South Dakota"
1400, Raelene Fiebelkorn, "Federalsburg,Maryland"
1401, Rena Direnzo, "Mathews,Alabama"
1402, Lois Sayward, "Pontiac,Michigan"
1403, Natalie Berryman, "Thayer,Missouri"
1404, Ayana Bordinger, "Bonaparte,Iowa"
1405, Sang Stefanelli, "Denver,Colorado"
1406, Marline Parco, "Pasadena,California"
1407, Cheyenne Greviston, "Paullina,Iowa"
1408, Donnetta Dermady, "Blair,West Virginia"
1409, Lindsay Liversedge, "El Paso,Texas"
1410, Donald Running, "Newhall,Iowa"
1411, Danika Inciong, "Johnson,New York"
1412, Bradford Rodarta, "Telferner,Texas"
1413, David Plymel, "Scottsburg,Indiana"
1414, Neida Siddiq, "Alamogordo,New Mexico"
1415, Tracee Cadman, "Clarksville,New York"
1416, Magda Korenek, "Plumville,Pennsylvania"
1417, Rodrigo Sicilia, "San Rafael,California"
1418, Marya Harner, "Douglasville,Georgia"
1419, Wm Amrein, "Stillwater,Oklahoma"
1420, Janee Numkena, "Points,West Virginia"
1421, Ross Petrick, "Weikert,Pennsylvania"
1422, Vinita Ledy, "Fairfield,Iowa"
1423, Dorathy Gouzy, "Saginaw,Michigan"
1424, Jolyn Lipscombe, "Fifield,Wisconsin"
1425, Rena Maniar, "Altamonte Springs,Florida"
1426, Tammara Antonich, "Memphis,Tennessee"
1427, Adolph Jens, "Nashport,Ohio"
1428, Libby Shanks, "Pleasant Grove,Mississippi"
1429, Noble Rasp, "Linden,Pennsylvania"
1430, Aaron Milks, "Birmingham,Alabama"
1431, Lelia Klasinski, "Tucson,Arizona"
1432, Roselia Vignaux, "Van Nuys,California"
1433, Yen Rhew, "Savannah,Tennessee"
1434, Jayne Holstein, "Wilmington,Delaware"
1435, Ramona Gouge, "Hialeah,Florida"
1436, Versie Stephanie, "Haleiwa,Hawaii"
1437, Penney Kunzler, "Cartersville,Georgia"
1438, Jinny Luchsinger, "Neck City,Missouri"
1439, Shemika Harden, "South Pomfret,Vermont"
1440, Yuriko Casino, "Grady,Alabama"
1441, Magaly Carrozza, "Fromberg,Montana"
1442, Lan Ravi, "Rices Landing,Pennsylvania"
1443, Daren Bondurant, "Boca Raton,Florida"
1444, Leena Klees, "Alverton,Pennsylvania"
1445, Marshall Kunde, "Lakeview,North Carolina"
1446, Jimmie Capati, "Cleveland,Oklahoma"
1447, Glynda Gatrell, "Austell,Georgia"
1448, Jack Faletti, "Burlington,Michigan"
1449, Shayna Strelow, "Charlotte,North Carolina"
1450, Silva Scogin, "Blue Ridge,Virginia"
1451, Bernadine Barbie, "Grand Meadow,Minnesota"
1452, Virgil Lesperance, "Clearfield,Kentucky"
1453, Carma Labranche, "Patrick,South Carolina"
1454, Eura Millerd, "Utica,Ohio"
1455, Alicia Kreischer, "Las Vegas,Nevada"
1456, Kanisha Marchand, "Bremerton,Washington"
1457, Oma Theule, "South Burlington,Vermont"
1458, Carmelita Babiarz, "Earlington,Kentucky"
1459, Clarice Laurendeau, "Russian Mission,Alaska"
1460, Merilyn Capozzoli, "Flower Mound,Texas"
1461, Leland Justiniano, "Glenfield,North Dakota"
1462, Despina Josten, "Fultondale,Alabama"
1463, Mitsue Raethke, "Yorba Linda,California"
1464, Corrina Kosik, "Monmouth,Iowa"
1465, Janae Cavaluzzi, "San Antonio,Texas"
1466, Jeanelle Manriquez, "Naper,Nebraska"
1467, Emery Body, "Munson,Pennsylvania"
1468, Branda Bakke, "White City,Oregon"
1469, Clint Tenhoff, "American Canyon,California"
1470, Milton Sobczyk, "Cumby,Texas"
1471, Noelia Mocha, "Avera,Georgia"
1472, Min Monrreal, "Ely,Minnesota"
1473, Sanda Crossman, "Loyalhanna,Pennsylvania"
1474, Kristin Erdos, "Bluff City,Arkansas"
1475, Reuben Nolette, "Raleigh,West Virginia"
1476, Lila Swee, "Sacramento,California"
1477, Will Dzama, "Stewartsville,New Jersey"
1478, Sadye Klint, "Star,Texas"
1479, Maryetta Costlow, "Harrisville,Mississippi"
1480, Devon Burgey, "Bloomingburg,Ohio"
1481, Elenore Okoniewski, "Tallahassee,Florida"
1482, Felix Waugaman, "Warren,Rhode Island"
1483, Ester Marchman, "San Francisco,California"
1484, Demetrius Stops, "Chapin,Illinois"
1485, Kindra Tanori, "Bloomfield,New Mexico"
1486, Scotty Mctarnaghan, "Clifford,Pennsylvania"
1487, Eric Mulhern, "Jonesboro,Maine"
1488, Margarete Aveline, "Vivian,South Dakota"
1489, Georgetta Dotson, "Hondo,Texas"
1490, Brigid Menette, "Somonauk,Illinois"
1491, Rufus Defosset, "Whalan,Minnesota"
1492, Mel Callens, "Barboursville,West Virginia"
1493, Katrice Roam, "Decatur,Texas"
1494, Analisa Cassello, "Cleveland,Ohio"
1495, Paola Murcia, "Seiad Valley,California"
1496, Yang Yerian, "Shreveport,Louisiana"
1497, Reid Easker, "Ann Arbor,Michigan"
1498, Frankie Mileti, "Talpa,Texas"
1499, Buford Gathman, "Fallbrook,California"
1500, Judith Rezai, "Moffat,Colorado"
1501, Daron Graf, "Omaha,Nebraska"
1502, Cordelia Dimsdale, "West Buxton,Maine"
1503, Shenna Gudiel, "San Pablo,Colorado"
1504, Dorathy Ermitano, "Pacific City,Oregon"
1505, Merle Sherfy, "Carrollton,Texas"
1506, Monserrate Azevedo, "Corunna,Michigan"
1507, Kassandra Frayer, "Clearwater,Minnesota"
1508, Rubi Kytle, "Grady,Arkansas"
1509, Karla Jass, "Williamsfield,Illinois"
1510, Lavern Ou, "Ellington,Connecticut"
1511, Janella Vogelsang, "Whitesburg,Kentucky"
1512, Sandy Bloemker, "Boise,Idaho"
1513, Matha Menesez, "Seaman,Ohio"
1514, Eilene Rehbock, "Cedar Point,Illinois"
1515, Roxie Deschner, "Mercer,Missouri"
1516, Margery Gooch, "Weiner,Arkansas"
1517, Milan Lons, "Lowell,Vermont"
1518, Augustus Fornier, "Otter Lake,Michigan"
1519, Katia Dupree, "Lakeview,Michigan"
1520, Lucie Stageman, "Owen,Wisconsin"
1521, Gail Bachtell, "Phoenix,Arizona"
1522, Melodie Bilger, "Nassau,New York"
1523, Elida Meua, "Johnson,New York"
1524, Barabara Bourgoine, "Newport,New Hampshire"
1525, Carmon Flirt, "East Waterford,Pennsylvania"
1526, Fermina Kakaviatos, "Tippecanoe,Ohio"
1527, Meg Artzer, "Walburg,Texas"
1528, Mathilda Teisberg, "Jackson,Mississippi"
1529, Spring Waszak, "Sauk Centre,Minnesota"
1530, Milton Winklepleck, "Jennerstown,Pennsylvania"
1531, Demarcus Plymale, "Wolverton,Minnesota"
1532, Edmond Remlin, "Eldridge,Alabama"
1533, Mozelle Reali, "Grovertown,Indiana"
1534, Rory Scales, "Tupelo,Mississippi"
1535, Chester Airington, "Prineville,Oregon"
1536, Althea Quitedo, "Whitney Point,New York"
1537, Leanora Starcic, "Wilmington,Delaware"
1538, Roosevelt Kemmeries, "Tyngsboro,Massachusetts"
1539, Jessia Toalson, "Boyds,Maryland"
1540, Lonnie Puleo, "Odenville,Alabama"
1541, Wen Treaster, "Stanhope,Iowa"
1542, Scott Prior, "Saint Ignatius,Montana"
1543, Erick Heinbach, "Norwalk,Connecticut"
1544, Dewayne Pryde, "Portland,Maine"
1545, Kristan Dittrick, "Keyesport,Illinois"
1546, Garth Panza, "Bakersville,Ohio"
1547, Alla Exe, "Granville,Tennessee"
1548, Juanita Champy, "Carrollton,Kentucky"
1549, Darell Zajac, "Saint Martin,Minnesota"
1550, Berniece Chamness, "Stow,New York"
1551, Rosana Labianca, "Clarkston,Michigan"
1552, Merlyn Vollman, "Greenville,Alabama"
1553, Dane Martyn, "Cassadaga,Florida"
1554, Jolene Seher, "Grand Rapids,Michigan"
1555, Pei Vanpoppelen, "Rockingham,North Carolina"
1556, Quinn Spiers, "Colorado Springs,Colorado"
1557, Gaston Coray, "Grandview,Iowa"
1558, Zetta Shelkoff, "New Martinsville,West Virginia"
1559, Teresia Dantzler, "Brownsville,Indiana"
1560, Sena Boehnke, "Cogan Station,Pennsylvania"
1561, Carma Bonsignore, "Camden,North Carolina"
1562, Judith Lawley, "Jamestown,North Carolina"
1563, Natisha Donate, "Louisville,Georgia"
1564, Bula Ricketson, "Old Forge,Pennsylvania"
1565, Gidget Sarelas, "East Blue Hill,Maine"
1566, Julieann Cartner, "Crowville,Louisiana"
1567, Lester Bowl, "Genoa,New York"
1568, Kary Haugaard, "Cincinnati,Ohio"
1569, Landon Neuby, "Mcloud,Oklahoma"
1570, Johanna Zappia, "La Honda,California"
1571, Vashti Shave, "Maricopa,California"
1572, Simonne Tuamoheloa, "Spokane,Washington"
1573, Raymond Pittinger, "Hoboken,New Jersey"
1574, Clora Whitley, "Lake Arthur,New Mexico"
1575, Kelle Whittenburg, "Hobson,Montana"
1576, Simone Hainsworth, "Flint,Michigan"
1577, Maribel Kandra, "Medicine Lake,Montana"
1578, Kyung Butala, "Logan,Utah"
1579, Chung Dulay, "Seaside,Oregon"
1580, Joye Todora, "Columbia,New Jersey"
1581, Perla Bulock, "Fifty Lakes,Minnesota"
1582, Candance Burdine, "Albrightsville,Pennsylvania"
1583, Eduardo Juliano, "Erie,Pennsylvania"
1584, Terresa Hugh, "Fults,Illinois"
1585, Ayako Sheetz, "Burdett,Kansas"
1586, Penney Moroni, "Harlem Springs,Ohio"
1587, Johnson Wentcell, "Meridian,Mississippi"
1588, Valencia Mongeau, "Strasburg,Virginia"
1589, Venita Sassaman, "Grimms Landing,West Virginia"
1590, Terry Mcclammy, "Brunswick,North Carolina"
1591, Hwa Tone, "Barnesboro,Pennsylvania"
1592, Karlene Kassim, "Salters,South Carolina"
1593, Otilia Desmeules, "Mansfield,Ohio"
1594, Charlena Rettinger, "Burlington,Colorado"
1595, Coreen Freiman, "Stevinson,California"
1596, Berta Gilman, "Brigantine,New Jersey"
1597, Dane Galvan, "Galveston,Texas"
1598, Grazyna Blundo, "Bristol,West Virginia"
1599, Annett Jegede, "Baconton,Georgia"
1600, Anjelica Satchwell, "Whitehouse Station,New Jersey"
1601, Gloria Tebbe, "Beach Haven,Pennsylvania"
1602, Danna Parrill, "Lutz,Florida"
1603, Tomi Delmundo, "Stanfield,Arizona"
1604, Sharilyn Ogram, "Toledo,Ohio"
1605, Dalila Baccari, "Winston Salem,North Carolina"
1606, Yanira Gentges, "River Rouge,Michigan"
1607, Phil Trapasso, "Arrington,Virginia"
1608, Randy Weatherbee, "Atlanta,Georgia"
1609, Jose Greg, "Kirkland,Texas"
1610, Yong Sedotal, "Gentryville,Indiana"
1611, Tristan Hemmig, "Goodson,Missouri"
1612, Amiee Tsuchiura, "Rising Star,Texas"
1613, Dortha Ooley, "Mullinville,Kansas"
1614, Vania Barret, "Minneapolis,Minnesota"
1615, Adriana Villena, "Berkshire,New York"
1616, Man Hauman, "Deep Water,West Virginia"
1617, Genie Mayou, "Raleigh,North Carolina"
1618, Genna Buchberger, "Red Cloud,Nebraska"
1619, Tereasa Cybulski, "Iliff,Colorado"
1620, Tanner Tercero, "Oakdale,Illinois"
1621, Marielle Zabel, "Lexington,Kentucky"
1622, Ernestine Viens, "Adamsville,Rhode Island"
1623, Mellisa Cobarrubias, "Adell,Wisconsin"
1624, Cammie Gravlin, "Miami,Florida"
1625, Rupert Philmore, "Spokane,Missouri"
1626, Derick Benett, "Silver Grove,Kentucky"
1627, Ula Lietzke, "Madison Heights,Virginia"
1628, Katrina Segonia, "Hall,Montana"
1629, Shay Beahn, "Wilmington,Delaware"
1630, Jeanne Coor, "Pembroke Pines,Florida"
1631, Dotty Resto, "Greensboro,North Carolina"
1632, Vernice Gesing, "Mc Lean,Virginia"
1633, Lynelle Picot, "Irma,Wisconsin"
1634, Janis Masingale, "Draper,South Dakota"
1635, Horace Deforrest, "Cedar Falls,Iowa"
1636, Tamesha Grullon, "Tula,Mississippi"
1637, Gordon Malich, "Birds Landing,California"
1638, Tammera Wallin, "Menifee,Arkansas"
1639, Billy Montoto, "Shawnee Mission,Kansas"
1640, Lexie Schmille, "Cannon Ball,North Dakota"
1641, Lanora Hibbitt, "South Milwaukee,Wisconsin"
1642, Catrina Mellendorf, "Beattie,Kansas"
1643, Candance Earleywine, "Marcus,Iowa"
1644, Sarai Abes, "Wichita,Kansas"
1645, Yuri Soper, "Powell,Missouri"
1646, Saul Huber, "Bartlesville,Oklahoma"
1647, Criselda Ure, "Frakes,Kentucky"
1648, Elease Tober, "Glen Flora,Texas"
1649, Gracia Bulkeley, "Seven Valleys,Pennsylvania"
1650, Hershel While, "Dickens,Texas"
1651, Man Steffey, "Alfred Station,New York"
1652, Carl Dasinger, "Harborton,Virginia"
1653, Luanne Peto, "Camden Point,Missouri"
1654, Shawana Wiese, "Lynchburg,Missouri"
1655, Jeniffer Mcwayne, "Peyton,Colorado"
1656, Cyndy Froneberger, "Ruth,Nevada"
1657, Donnie Hannawalt, "Burlingame,California"
1658, Britney Sedar, "Washington,District of Columbia"
1659, Luciana Usilton, "El Macero,California"
1660, Dierdre Sodek, "New Germany,Minnesota"
1661, Neva Bartin, "Bend,Oregon"
1662, Akilah Arnholtz, "Dalzell,Illinois"
1663, Manda Carls, "Mountain Center,California"
1664, Lelah Sykora, "Liberty,Texas"
1665, Sade Adle, "Viburnum,Missouri"
1666, Robin Marconi, "Glasco,New York"
1667, Yon Commiskey, "Kiamesha Lake,New York"
1668, Fae Picard, "Cuero,Texas"
1669, Hortense Dalhover, "Far Rockaway,New York"
1670, Leslie Niceswander, "Wakefield,Rhode Island"
1671, Coretta Sivert, "Koosharem,Utah"
1672, Lauren Wiscount, "Kansas City,Missouri"
1673, Michele Vavricka, "Hereford,Colorado"
1674, Kelsie Berkenbile, "Washington,District of Columbia"
1675, Gilberte Koslow, "Harrisburg,Nebraska"
1676, Monica Reglin, "Aurora,Indiana"
1677, Signe Lauture, "Port Monmouth,New Jersey"
1678, Gabriele Wollam, "Jersey City,New Jersey"
1679, Tonie Deichman, "Elon College,North Carolina"
1680, Jannie Houy, "Munds Park,Arizona"
1681, Saundra Hudley, "Dalton,Nebraska"
1682, Gracia Nordsiek, "Harviell,Missouri"
1683, Alla Elsayed, "Delray Beach,Florida"
1684, Kaycee Scheidt, "Auburn,Kansas"
1685, Else Oganesian, "Washington,District of Columbia"
1686, Kirby Diffee, "Winnetoon,Nebraska"
1687, Laure Iiams, "Boynton Beach,Florida"
1688, Terisa Vanvolkenburg, "Powell,Texas"
1689, Stefani Ruzzo, "Hudson,Wisconsin"
1690, Sueann Ritchey, "Corning,Arkansas"
1691, Leena Kautzer, "Buckland,Massachusetts"
1692, Harriett Hazen, "Brookfield,Vermont"
1693, Deedra Bastian, "Redwood Estates,California"
1694, Denice Placencio, "Copake,New York"
1695, Herschel Shanor, "Haverhill,Massachusetts"
1696, Hollis Illies, "Jim Falls,Wisconsin"
1697, Annetta Hursey, "Windsor,Colorado"
1698, Machelle Servis, "Altamonte Springs,Florida"
1699, Richard Dhondt, "Plattsburgh,New York"
1700, Kate Yeakle, "Bountiful,Utah"
1701, Dawn Bertotti, "Minisink Hills,Pennsylvania"
1702, Charlie Ranes, "West Lebanon,Pennsylvania"
1703, Tangela Bergquist, "Yukon,Missouri"
1704, Dortha Polimeni, "Douglas,Oklahoma"
1705, Alva Steensland, "Readlyn,Iowa"
1706, Verlie Scherz, "Blanchardville,Wisconsin"
1707, Demarcus Greco, "Newark,Ohio"
1708, Dorotha Buza, "Charlotte,North Carolina"
1709, Palma Curia, "Huntington Beach,California,"
1710, Annelle Haeussler, "Hopedale,Illinois"
1711, Shirly Riordan, "High Ridge,Missouri"
1712, Myron Nicklien, "East Bloomfield,New York"
1713, Brianna Ordeneaux, "Willcox,Arizona"
1714, Oralia Raulerson, "West Salem,Illinois"
1715, Ethelyn Clemmons, "Von Ormy,Texas"
1716, Kylee Hilton, "Albany,Georgia"
1717, Carin Kloeppel, "Sacramento,California"
1718, Lurline Verdusco, "Los Angeles,California"
1719, Shizuko Diiorio, "Greensboro,North Carolina"
1720, Rodrick Adels, "Hartfield,Virginia"
1721, Breann Bandyk, "Clark,Pennsylvania"
1722, Diana Jarboe, "Middleburg,Ohio"
1723, Logan Lacefield, "South Lancaster,Massachusetts"
1724, Reta Diamico, "Manchester,Iowa"
1725, Leeanna Mole, "Hoosick Falls,New York"
1726, Sandy Thom, "Highlands,Texas"
1727, Sherron Portilla, "Saint Louis,Missouri"
1728, Phoebe Billen, "Globe,Arizona"
1729, Chau Enget, "Breezy Point,New York"
1730, Letha Derry, "Columbus,Ohio"
1731, Roxie Mcelroy, "Haines,Alaska"
1732, Herman Jessee, "Delta,Ohio"
1733, Shalon Schwemmer, "Anderson,South Carolina"
1734, Jimmy Norwell, "Grass Lake,Michigan"
1735, Gregorio Janski, "Lincolnwood,Illinois"
1736, Star Formento, "Rushsylvania,Ohio"
1737, Mellie Sjulstad, "Algonquin,Illinois"
1738, Lilly Synakowski, "Hendricks,Kentucky"
1739, Margarita Hoblit, "Oakpark,Virginia"
1740, Shiloh Godsman, "Mill Creek,Oklahoma"
1741, Stephaine Moryl, "Rolla,Missouri"
1742, Lyndon Sien, "Ohio,Illinois"
1743, Davina Alba, "Great Neck,New York"
1744, Kimbra Rivero, "Saluda,North Carolina"
1745, Petronila Tippins, "Woodville,Alabama"
1746, Nicholas Steinhour, "Cassville,Georgia"
1747, Pablo Vickey, "San Francisco,California"
1748, Cassy Malavet, "Mobile,Alabama"
1749, Meagan Mccole, "Los Angeles,California"
1750, Nelle Sanday, "De Kalb,Mississippi"
1751, Katrice Mikkelson, "Gainesville,Missouri"
1752, Rudy Lauden, "Willard,North Carolina"
1753, Alleen Bujak, "Johnston,South Carolina"
1754, Vernice Stormont, "Little Valley,New York"
1755, Enda Feleppa, "Elberton,Georgia"
1756, Veronika Tangney, "Lake Worth,Florida"
1757, Anika Talerico, "Jefferson City,Missouri"
1758, Dane Brancanto, "Austin,Arkansas"
1759, Oswaldo Vipond, "Ryland,Alabama"
1760, Kenda Brienen, "Hill City,South Dakota"
1761, Kori Digeorgio, "Elkport,Iowa"
1762, Tasha Haya, "Fairview,Montana"
1763, Marcell Biancaniello, "Sterling,New York"
1764, Kristeen Torress, "Myakka City,Florida"
1765, Domonique Smiechowski, "Hope,Kansas"
1766, Donya Modica, "Spring Arbor,Michigan"
1767, Slyvia Goodhart, "Superior,Wisconsin"
1768, Gerald Trumpower, "Gordon,Georgia"
1769, Charline Ally, "Madison,Pennsylvania"
1770, Noemi Allessi, "Malverne,New York"
1771, Lan Stonelake, "Rosenhayn,New Jersey"
1772, Dottie Schurz, "Bathgate,North Dakota"
1773, Bryce Adelmund, "Washington,Illinois"
1774, Royce Vondracek, "Friesland,Wisconsin"
1775, Jerica Waddles, "Frankfort,Kentucky"
1776, Jayne Sobczynski, "Atlanta,Georgia"
1777, Nguyet Gastellum, "Union Furnace,Ohio"
1778, Charlie Bedaw, "Potosi,Wisconsin"
1779, Drucilla Marentis, "Joanna,South Carolina"
1780, Meagan Valrie, "Auburn,Nebraska"
1781, Deborah Havatone, "Mount Washington,New Hampshire"
1782, Randell Vaughen, "Ringling,Montana"
1783, Eryn Abu, "San Pedro,California"
1784, Phillis Jorres, "Kellnersville,Wisconsin"
1785, Elmo Piltz, "Warner Springs,California"
1786, Jerald Kijowski, "Philadelphia,Pennsylvania"
1787, Gennie Wegweiser, "Amston,Connecticut"
1788, Kristal Berray, "Birmingham,Alabama"
1789, Min Allers, "Scotts Valley,California"
1790, Sergio Leggs, "Verona,Mississippi"
1791, Roselyn Icard, "Marina,California"
1792, Freddie Ziadie, "Nixon,Texas"
1793, Evangeline Ollis, "Newmarket,New Hampshire"
1794, Keena Heiniger, "Melbourne,Florida"
1795, Carmelina Espenshade, "Arthur,Iowa"
1796, Hank Gunzalez, "South Lee,Massachusetts"
1797, Magnolia Heyes, "La Porte,Indiana"
1798, Tish Regalado, "Saint Louis,Missouri"
1799, Quinton Pockrus, "Avon,Montana"
1800, Shanda Donohue, "Mid Florida,Florida"
1801, Felipe Spidle, "Tuba City,Arizona"
1802, Allyn Stoll, "Fayette,Ohio"
1803, Anjanette Sumlar, "Orlando,Florida"
1804, Randy Foreback, "Samburg,Tennessee"
1805, Fredericka Lenyard, "Freeport,Illinois"
1806, Rashida Lessen, "Tutwiler,Mississippi"
1807, Ramiro Renyer, "Linville,Virginia"
1808, Maximo Quitugua, "Miami,Florida"
1809, Andres Rexroat, "Roxobel,North Carolina"
1810, Mason Wilson, "North Concord,Vermont"
1811, Adam Holroyd, "Littlerock,California"
1812, Sadye Poll, "Boston,Massachusetts"
1813, Adriene Ostrander, "Redford,Missouri"
1814, Laquanda Doucet, "Springfield,Illinois"
1815, Bernie Schmittou, "Salemburg,North Carolina"
1816, Judith Dockins, "Lempster,New Hampshire"
1817, Scott Sonoski, "Amberson,Pennsylvania"
1818, Misty Chiu, "Oak Ridge,Missouri"
1819, Dorris Stohs, "Purcellville,Virginia"
1820, Benedict Scism, "Orlando,Florida"
1821, Lan Colquitt, "Argyle,Minnesota"
1822, Darby Lackman, "Gracemont,Oklahoma"
1823, Tonia Pennant, "Cyril,Oklahoma"
1824, Letisha Nemunaitis, "Radium Springs,New Mexico"
1825, Clement Borras, "Daly City,California"
1826, Venita Ok, "Dover,Oklahoma"
1827, Davida Schreckhise, "Granada Hills,California"
1828, Shalon Marsalis, "Tower Hill,Illinois"
1829, Aleida Cantarella, "Georgetown,New York"
1830, Simone Xang, "Bevier,Missouri"
1831, Marie Grich, "Kansas City,Missouri"
1832, Nancey Denogean, "Croton On Hudson,New York"
1833, Soila Petropoulos, "Rives,Tennessee"
1834, Antonetta Coykendall, "Denver,Colorado"
1835, Matilda Blackstar, "Tyrone,Oklahoma"
1836, Seema Zanayed, "Coleman Falls,Virginia"
1837, Madge Bretz, "Ross,Ohio"
1838, Ray Darty, "Andover,Massachusetts"
1839, Deon Fouse, "Coaling,Alabama"
1840, Otha Rasnic, "Mehama,Oregon"
1841, Kirstie Sane, "Washington,District of Columbia"
1842, Daren Gick, "Melrose,Ohio"
1843, Fred Parsh, "Eugene,Oregon"
1844, Jeana Fugler, "Milbank,South Dakota"
1845, Reagan Veach, "Munday,Texas"
1846, Long Pforr, "Albany,New York"
1847, Madonna Ferrise, "Gate,Oklahoma"
1848, Charlesetta Raudebaugh, "Ephraim,Utah"
1849, Nila Colecchi, "Whitelaw,Wisconsin"
1850, Margareta Straley, "Lagrange,Ohio"
1851, Jeffry Tejedor, "Chinle,Arizona"
1852, Miranda Delawyer, "Houston,Texas"
1853, Camilla Malaney, "Ventura,California"
1854, Mindi Maigret, "Gilmanton,New Hampshire"
1855, Lissa Koolman, "Brooklyn,New York"
1856, Harvey Pear, "Marengo,Ohio"
1857, Emerald Koenigstein, "Denver,Indiana"
1858, Fumiko Etling, "Port Matilda,Pennsylvania"
1859, Chan Hyden, "Chantilly,Virginia"
1860, Shay Sarlinas, "Jacksonboro,South Carolina"
1861, Martina Arildsen, "Petersburg,Tennessee"
1862, Vicki Bitsuie, "El Paso,Texas"
1863, Renaldo Selsor, "Jonestown,Mississippi"
1864, Francoise Olerud, "Crestline,California"
1865, Domonique Lothrop, "Fly,Ohio"
1866, Louie Policare, "Joelton,Tennessee"
1867, Madaline Hemperley, "Mc Farland,California"
1868, Raleigh Plush, "Evarts,Kentucky"
1869, Carletta Papelian, "Asheville,North Carolina"
1870, Richard Caricofe, "Twin Bridges,California"
1871, Betty Esther, "Herculaneum,Missouri"
1872, Freeda Lab, "Wichita,Kansas"
1873, Eddie Dine, "Bearcreek,Montana"
1874, Lorelei Hillered, "Austin,Texas"
1875, Crista Duelm, "Ladoga,Indiana"
1876, Dewayne Lesch, "Marathon,Wisconsin"
1877, Lavone Kuhtz, "Mobile,Alabama"
1878, Tameka Halligan, "Shacklefords,Virginia"
1879, Caroline Caputo, "Paulina,Oregon"
1880, Corey Sachtleben, "Cincinnati,Ohio"
1881, Hassan Kasel, "Huntington,West Virginia"
1882, Todd Drinkwater, "Fayetteville,Tennessee"
1883, Michael Tejeda, "Windsor,New York"
1884, Lynsey Lolley, "Lummi Island,Washington"
1885, Sherrill Duzan, "Surprise,Arizona"
1886, Yuri Zeidman, "Atlanta,Georgia"
1887, Roseann Schleimer, "New York City,New York"
1888, Jason Toothaker, "Washington,District of Columbia"
1889, Eliz Goike, "Latour,Missouri"
1890, Shena Bredy, "Vienna,Missouri"
1891, Aliza Villacis, "Harrison,Idaho"
1892, Nickole Zimmerly, "Morgantown,Indiana"
1893, Wonda Houskeeper, "West Valley,New York"
1894, Carmen Ebanks, "Batesville,Virginia"
1895, Dione Riblet, "Creighton,Nebraska"
1896, Beaulah Odear, "Verona,Kentucky"
1897, Misti Basnight, "Mooers Forks,New York"
1898, Perla Molles, "Spring,Texas"
1899, Hye Eilers, "Phoenix,Maryland"
1900, Lona Cromartie, "Bronx,New York"
1901, Diedre Leerar, "Prospect Heights,Illinois"
1902, Tameka Lodato, "Gideon,Missouri"
1903, Emely Swart, "Auburndale,Wisconsin"
1904, Myesha Kupstas, "Raleigh,North Carolina"
1905, Shelba Guard, "Spartanburg,South Carolina"
1906, Olin Zera, "Tipton,Indiana"
1907, Daria Hawkey, "Gordonville,Missouri"
1908, Renita Vanbrunt, "Natchitoches,Louisiana"
1909, Glinda Metil, "Arlington,Virginia"
1910, Dia Czapiewski, "Palm Harbor,Florida"
1911, Edwardo Vilt, "Browns Valley,Minnesota"
1912, Ilana Nordstrom, "Lindon,Colorado"
1913, Kristine Daggy, "Snydertown,Pennsylvania"
1914, Emory Kneisler, "Homestead,Iowa"
1915, Enola Hordge, "Fredericksburg,Pennsylvania"
1916, Davis Dieter, "Treichlers,Pennsylvania"
1917, Eleanore Behr, "Brunswick,Nebraska"
1918, Linnea Seaward, "Sacramento,California"
1919, Rhoda Spille, "Englewood,Ohio"
1920, Cheri Pulizzi, "Skagway,Alaska"
1921, Jeana Suckow, "Bensenville,Illinois"
1922, Bailey Rouillard, "Minnesota City,Minnesota"
1923, Ernestine Fini, "Haverhill,Massachusetts"
1924, Chanell Balladares, "Harpursville,New York"
1925, Georgianne Josias, "Lakeland,Florida"
1926, Jada Tacopino, "Oklahoma City,Oklahoma"
1927, Aiko Pinta, "Bryan,Texas"
1928, Cheryl Lesky, "Anniston,Alabama"
1929, Melonie Kellett, "Garden City,New York"
1930, Evonne Drummey, "Big Piney,Wyoming"
1931, Brandon Reveal, "East Pharsalia,New York"
1932, Carlita Gewinner, "Hebron,Illinois"
1933, Ehtel Constantineau, "Ossian,Indiana"
1934, Casie Vulich, "Englewood,New Jersey"
1935, Khalilah Charron, "Atlanta,Georgia"
1936, Nubia Umland, "Townville,South Carolina"
1937, Luci Helgerson, "El Paso,Texas"
1938, Jung Falgoust, "Lake City,Colorado"
1939, Perla Parthemore, "Des Moines,Iowa"
1940, Luanne Nasr, "Fordyce,Nebraska"
1941, Lizette Tucke, "Maskell,Nebraska"
1942, Natividad Nucklos, "Davenport,Oklahoma"
1943, Cleopatra Geddie, "Jefferson City,Missouri"
1944, Scott Steadings, "Knoxville,Iowa"
1945, German Amble, "Creve Coeur,Illinois"
1946, Heriberto Wolter, "Issaquah,Washington"
1947, Teddy Zeck, "Bel Air,Maryland"
1948, Maribel Domagala, "Six Mile,South Carolina"
1949, Edmond Clerk, "Redondo Beach,California"
1950, Marylin Garlow, "Prineville,Oregon"
1951, Eleni Piety, "Washita,Oklahoma"
1952, Shawnda Sharko, "Mineola,Texas"
1953, Ligia Pedrotti, "Harford,Pennsylvania"
1954, Rich Strosnider, "Wapello,Iowa"
1955, Shani Offermann, "Austin,Texas"
1956, Ossie Swantak, "Rock Valley,Iowa"
1957, Maureen Bamba, "New York City,New York"
1958, Tiesha Pilsner, "Cornwall,Pennsylvania"
1959, Dominga Ubiles, "Spencer,Ohio"
1960, Katina Guidotti, "Lawson,Missouri"
1961, Corrin Orahood, "Neck City,Missouri"
1962, Christian Warrick, "Montgomery,Illinois"
1963, Maynard Bannett, "Louisburg,Kansas"
1964, Florene Capels, "Switchback,West Virginia"
1965, Karissa Hinely, "New Brunswick,New Jersey"
1966, Tawny Wearing, "Grand Lake Stream,Maine"
1967, Janna Swierenga, "Turtle Creek,West Virginia"
1968, Virgilio Draudt, "Porter Corners,New York"
1969, Austin Berkheimer, "Russell,Illinois"
1970, Domenica Vanstraten, "Covington,Oklahoma"
1971, Young Karstetter, "Saginaw,Alabama"
1972, Barbar Penning, "Ponce De Leon,Missouri"
1973, Virgil Ada, "Guerneville,California"
1974, Belen Matusik, "Addison,Texas"
1975, Lashunda Preyor, "Vendor,Arkansas"
1976, Shana Smola, "Brohman,Michigan"
1977, Arvilla Kennaugh, "Knoxville,Arkansas"
1978, Nidia Viscera, "Broussard,Louisiana"
1979, Abbey Locascio, "Tyro,Kansas"
1980, Kina Hiltunen, "Rockford,Illinois"
1981, Arlena Dezan, "High Bridge,Wisconsin"
1982, Claris Chenauls, "Peshastin,Washington"
1983, Ginny Fersner, "El Paso,Texas"
1984, Katina Hennis, "Jayton,Texas"
1985, Lilian Servant, "Corbin,Virginia"
1986, Jeanmarie Tavana, "La Verkin,Utah"
1987, Melvina Katzman, "Malvern,Ohio"
1988, Chang Boje, "Grand Rapids,Michigan"
1989, Dora Prager, "Pompano Beach,Florida"
1990, Margarette Scatton, "Fair Haven,Vermont"
1991, Lucrecia Benston, "Washington,District of Columbia"
1992, Yaeko Mackynen, "Washington,District of Columbia"
1993, Reginia Haefele, "Memphis,Tennessee"
1994, Wallace Guerrette, "Rochester,New York"
1995, Delmy Garinger, "Starkville,Mississippi"
1996, Elizabet Stagg, "Edina,Missouri"
1997, Cherlyn Croxton, "Bodega,California"
1998, Natalya Ribot, "Rocky Hill,Kentucky"
1999, Giuseppina Kushlan, "Mokane,Missouri"